Player,Pos,G,MP,X3P.,eFG.,FT.,ORB,DRB,TRB,AST,STL,BLK,TOV,PF,PTS,PER,TS.,USG.,WS,WS.48,BPM,VORP,TeamTotalPoints,X1,X2,X3,X4,X5,X6,X7,X8,X9,X10,X11,X12
Precious Achiuwa,PF,61,737,0,0.544,0.509,73,135,208,29,20,28,43,91,304,14.2,0.55,19.5,1.3,0.085,-4.1,-0.4,7781,200,225,70,2.5,2.5,2,-3.5,3.5,3.75,3.5,4.5,-3
Jaylen Adams,PG,7,18,0,0.125,0,0,3,3,2,0,0,0,1,2,-6.5,0.125,18.6,-0.1,-0.252,-19.8,-0.1,8649,200,300,100,1,4,2,-5,2,3,5,3,-3
Steven Adams,C,58,1605,0,0.614,0.444,213,301,514,111,54,38,78,113,438,15.1,0.596,11.7,4,0.119,-0.3,0.7,8251,200,200,60,3,2,2,-3,4,4,3,5,-3
Bam Adebayo,C,64,2143,0.25,0.571,0.799,142,431,573,346,75,66,169,145,1197,22.7,0.626,23.7,8.8,0.197,4.9,3.7,7781,200,200,60,3,2,2,-3,4,4,3,5,-3
LaMarcus Aldridge,C,26,674,0.388,0.525,0.872,19,99,118,49,11,29,27,47,352,15.7,0.556,22.2,1.1,0.08,-0.3,0.3,7998,200,200,60,3,2,2,-3,4,4,3,5,-3
Ty-Shon Alexander,SG,15,47,0.222,0.333,0.5,2,8,10,6,0,1,3,2,9,4.2,0.349,15,0,-0.048,-6.5,-0.1,8300,200,275,90,1.5,3.5,2,-4.5,2.5,3.25,4.5,3.5,-3
Nickeil Alexander-Walker,SG,46,1007,0.347,0.502,0.727,13,131,144,102,47,22,69,88,508,12.5,0.522,23.2,0.7,0.035,-1.3,0.2,8251,200,275,90,1.5,3.5,2,-4.5,2.5,3.25,4.5,3.5,-3
Grayson Allen,SG,50,1259,0.391,0.547,0.868,19,141,160,108,46,8,48,71,532,12.8,0.586,16.8,2.7,0.101,-0.2,0.6,8157,200,275,90,1.5,3.5,2,-4.5,2.5,3.25,4.5,3.5,-3
Jarrett Allen,C,63,1864,0.316,0.624,0.703,196,435,631,106,32,90,100,96,806,20.1,0.661,16.6,6.4,0.166,1.1,1.4,7476,200,200,60,3,2,2,-3,4,4,3,5,-3
Al-Farouq Aminu,PF,23,434,0.216,0.424,0.818,22,88,110,31,19,9,28,29,102,8.9,0.469,13.6,0.1,0.01,-3.8,-0.2,7488,200,225,70,2.5,2.5,2,-3.5,3.5,3.75,3.5,4.5,-3
Kyle Anderson,PF,69,1887,0.36,0.54,0.783,52,344,396,250,84,57,86,120,854,17.2,0.578,18.5,5.6,0.143,3.3,2.5,8157,200,225,70,2.5,2.5,2,-3.5,3.5,3.75,3.5,4.5,-3
Giannis Antetokounmpo,PF,61,2013,0.303,0.6,0.685,97,574,671,357,72,73,207,168,1717,29.2,0.633,32.5,10.2,0.244,9,5.6,8649,200,225,70,2.5,2.5,2,-3.5,3.5,3.75,3.5,4.5,-3
Kostas Antetokounmpo,PF,15,56,0,0.3,0.462,4,15,19,1,2,4,11,8,12,0,0.382,20.7,-0.2,-0.174,-12.6,-0.1,7887,200,225,70,2.5,2.5,2,-3.5,3.5,3.75,3.5,4.5,-3
Thanasis Antetokounmpo,SF,57,551,0.241,0.515,0.51,54,70,124,46,22,10,43,74,166,10.3,0.523,15.3,0.7,0.057,-3.5,-0.2,8649,200,250,80,2,3,2,-4,3,3.5,4,4,-3
Carmelo Anthony,PF,69,1690,0.409,0.506,0.89,32,182,214,104,46,38,61,144,924,14.6,0.547,23.1,2.6,0.073,-1.1,0.4,8360,200,225,70,2.5,2.5,2,-3.5,3.5,3.75,3.5,4.5,-3
Cole Anthony,PG,47,1273,0.337,0.449,0.832,38,183,221,192,30,18,106,98,605,12.1,0.496,24.3,0,-0.001,-3.3,-0.4,7488,200,300,100,1,4,2,-5,2,3,5,3,-3
OG Anunoby,SF,43,1433,0.398,0.58,0.784,54,183,237,94,66,32,75,114,682,15.4,0.605,19.3,3.1,0.104,1.2,1.2,8011,200,250,80,2,3,2,-4,3,3.5,4,4,-3
Ryan Arcidiacono,PG,44,450,0.373,0.526,0.65,5,62,67,56,9,0,10,47,136,9.8,0.541,13.1,0.9,0.093,-2.3,0,7969,200,300,100,1,4,2,-5,2,3,5,3,-3
Trevor Ariza,SF,30,841,0.35,0.515,0.773,27,117,144,55,31,18,21,55,282,11.9,0.542,15.1,1.6,0.091,-1.1,0.2,7781,200,250,80,2,3,2,-4,3,3.5,4,4,-3
D.J. Augustin,PG,57,1129,0.382,0.515,0.904,20,74,94,188,28,1,65,56,438,12.1,0.57,16.8,2.1,0.088,-2.1,0,8649,200,300,100,1,4,2,-5,2,3,5,3,-3
Deni Avdija,SF,54,1257,0.315,0.502,0.644,22,240,262,63,32,15,33,140,342,7.6,0.515,12,1.2,0.046,-3.1,-0.4,8398,200,250,80,2,3,2,-4,3,3.5,4,4,-3
Deandre Ayton,C,69,2115,0.2,0.629,0.769,228,499,727,99,41,81,103,196,997,20.3,0.653,18.2,8.4,0.191,1.2,1.7,8300,200,200,60,3,2,2,-3,4,4,3,5,-3
Udoka Azubuike,C,15,57,0,0.444,0.8,4,9,13,0,1,4,3,9,16,10.3,0.597,12.4,0.1,0.119,-3.8,0,8382,200,200,60,3,2,2,-3,4,4,3,5,-3
Dwayne Bacon,SG,72,1853,0.285,0.443,0.824,31,193,224,93,45,5,46,103,788,9.9,0.49,19.8,0.5,0.013,-5.1,-1.5,7488,200,275,90,1.5,3.5,2,-4.5,2.5,3.25,4.5,3.5,-3
Marvin Bagley III,PF,43,1112,0.343,0.542,0.575,106,212,318,43,21,21,59,100,608,16.3,0.554,23.5,1.4,0.059,-3.1,-0.3,8189,200,225,70,2.5,2.5,2,-3.5,3.5,3.75,3.5,4.5,-3
LaMelo Ball,PG,51,1469,0.352,0.504,0.758,63,239,302,313,81,18,145,136,803,17.5,0.539,26.1,2.8,0.093,1.8,1.4,7881,200,300,100,1,4,2,-5,2,3,5,3,-3
Lonzo Ball,PG,55,1747,0.378,0.537,0.781,33,230,263,316,82,31,123,103,802,15.2,0.551,20.5,3.2,0.089,1.7,1.6,8251,200,300,100,1,4,2,-5,2,3,5,3,-3
Mo Bamba,C,46,725,0.322,0.535,0.682,76,189,265,35,14,58,36,87,367,19.3,0.556,21.8,1.8,0.117,0.1,0.4,7488,200,200,60,3,2,2,-3,4,4,3,5,-3
Desmond Bane,SG,68,1519,0.432,0.586,0.816,31,179,210,118,41,16,59,125,625,12.2,0.6,16.1,2.9,0.093,-0.8,0.5,8157,200,275,90,1.5,3.5,2,-4.5,2.5,3.25,4.5,3.5,-3
Harrison Barnes,PF,58,2102,0.391,0.575,0.83,64,321,385,201,43,11,93,75,933,15.4,0.626,17.2,4.5,0.103,0.2,1.1,8189,200,225,70,2.5,2.5,2,-3.5,3.5,3.75,3.5,4.5,-3
RJ Barrett,SG,72,2511,0.401,0.499,0.746,68,346,414,217,53,20,139,188,1264,13.4,0.535,23.4,4.1,0.078,-1.2,0.5,7706,200,275,90,1.5,3.5,2,-4.5,2.5,3.25,4.5,3.5,-3
Will Barton,SF,56,1736,0.381,0.507,0.785,39,187,226,181,50,23,96,95,711,11.8,0.538,19,2.2,0.061,-1.9,0.1,8284,200,250,80,2,3,2,-4,3,3.5,4,4,-3
Keita Bates-Diop,SF,30,245,0.294,0.485,0.667,9,40,49,12,11,5,7,11,79,12,0.518,14.8,0.3,0.068,-1.9,0,7998,200,250,80,2,3,2,-4,3,3.5,4,4,-3
Nicolas Batum,SF,67,1835,0.404,0.597,0.828,50,266,316,148,69,37,53,102,540,12.9,0.617,11.8,5,0.132,2.1,1.9,8209,200,250,80,2,3,2,-4,3,3.5,4,4,-3
Aron Baynes,C,53,980,0.262,0.485,0.707,87,186,273,47,17,23,46,119,324,10.5,0.503,16.2,1,0.049,-4.5,-0.6,8011,200,200,60,3,2,2,-3,4,4,3,5,-3
Kent Bazemore,SF,67,1333,0.408,0.545,0.692,26,203,229,108,69,33,82,158,481,10.6,0.564,16.3,1.8,0.065,-1.2,0.2,8187,200,250,80,2,3,2,-4,3,3.5,4,4,-3
Darius Bazley,PF,55,1714,0.29,0.456,0.702,51,345,396,99,29,25,122,60,754,9.7,0.491,22.1,-0.9,-0.026,-4.4,-1,7560,200,225,70,2.5,2.5,2,-3.5,3.5,3.75,3.5,4.5,-3
Bradley Beal,SG,60,2147,0.349,0.532,0.889,72,211,283,265,69,22,187,140,1878,22.7,0.593,34.1,5.9,0.132,3.4,2.9,8398,200,275,90,1.5,3.5,2,-4.5,2.5,3.25,4.5,3.5,-3
Malik Beasley,SG,37,1214,0.399,0.547,0.85,28,134,162,88,30,7,60,62,724,14.6,0.57,24,1.3,0.053,-0.2,0.6,8073,200,275,90,1.5,3.5,2,-4.5,2.5,3.25,4.5,3.5,-3
Jordan Bell,C,6,82,0,0.318,0.5,7,17,24,7,3,5,4,7,15,8,0.328,13.6,0,-0.008,-5.8,-0.1,8398,200,200,60,3,2,2,-3,4,4,3,5,-3
Jordan Bell,C,5,67,0,0.35,0,6,13,19,5,3,3,3,5,14,8.5,0.35,14.2,0,-0.004,-5.7,-0.1,8398,200,200,60,3,2,2,-3,4,4,3,5,-3
Dāvis Bertāns,PF,57,1464,0.395,0.581,0.87,18,150,168,49,33,13,33,136,655,11.4,0.62,15.9,3.1,0.101,-0.8,0.4,8398,200,225,70,2.5,2.5,2,-3.5,3.5,3.75,3.5,4.5,-3
Patrick Beverley,PG,37,832,0.397,0.55,0.8,29,90,119,76,29,28,34,108,278,12,0.58,14.6,2.1,0.119,0.7,0.6,8209,200,300,100,1,4,2,-5,2,3,5,3,-3
Saddiq Bey,SF,70,1909,0.38,0.53,0.844,43,275,318,95,52,14,60,110,857,12.6,0.567,18.7,3.3,0.082,-0.5,0.7,7676,200,250,80,2,3,2,-4,3,3.5,4,4,-3
Tyler Bey,SF,18,71,0.25,0.341,0.6,8,11,19,3,0,1,3,6,18,5.9,0.372,16.9,0,-0.033,-9.5,-0.1,8096,200,250,80,2,3,2,-4,3,3.5,4,4,-3
Khem Birch,C,67,1529,0.25,0.514,0.705,174,213,387,89,48,50,44,113,482,15.1,0.552,13.6,3.8,0.118,-1,0.4,7488,200,200,60,3,2,2,-3,4,4,3,5,-3
Goga Bitadze,C,45,561,0.253,0.479,0.738,60,90,150,37,9,60,17,94,231,16.3,0.523,18.1,1.5,0.129,-1,0.1,8302,200,200,60,3,2,2,-3,4,4,3,5,-3
Bismack Biyombo,C,66,1349,0,0.587,0.448,137,210,347,81,17,74,71,141,331,11.7,0.574,11.5,2.3,0.081,-3,-0.4,7881,200,200,60,3,2,2,-3,4,4,3,5,-3
Nemanja Bjelica,PF,37,595,0.318,0.523,0.725,29,98,127,69,15,5,33,68,242,12.9,0.554,18.4,0.9,0.071,-2.2,0,8189,200,225,70,2.5,2.5,2,-3.5,3.5,3.75,3.5,4.5,-3
Eric Bledsoe,SG,71,2111,0.341,0.503,0.687,29,215,244,268,55,24,114,112,869,11.5,0.533,18.5,2.3,0.053,-2,0,8251,200,275,90,1.5,3.5,2,-4.5,2.5,3.25,4.5,3.5,-3
Keljin Blevins,SF,17,75,0.25,0.3,0,3,7,10,4,2,0,5,8,12,-0.9,0.3,14.3,-0.2,-0.137,-10.7,-0.2,8360,200,250,80,2,3,2,-4,3,3.5,4,4,-3
Bogdan Bogdanović,SG,44,1305,0.438,0.602,0.909,20,140,160,147,49,13,54,99,720,17.6,0.616,21.3,3.9,0.142,3.6,1.8,8186,200,275,90,1.5,3.5,2,-4.5,2.5,3.25,4.5,3.5,-3
Bojan Bogdanović,SF,72,2216,0.39,0.536,0.879,40,241,281,136,45,4,128,115,1225,14,0.588,22.8,5.2,0.113,-0.4,0.9,8382,200,250,80,2,3,2,-4,3,3.5,4,4,-3
Bol Bol,PF,32,160,0.375,0.509,0.667,0,24,24,7,3,10,13,14,69,9.4,0.534,21.2,0,-0.004,-4.1,-0.1,8284,200,225,70,2.5,2.5,2,-3.5,3.5,3.75,3.5,4.5,-3
Marques Bolden,C,6,29,0,0.333,0.625,3,3,6,0,2,2,2,0,7,13.3,0.537,12.8,0,0.063,-3,0,7476,200,200,60,3,2,2,-3,4,4,3,5,-3
Jordan Bone,PG,14,196,0.313,0.519,0,4,20,24,18,2,0,3,11,56,8.9,0.519,12.6,0.2,0.045,-4.2,-0.1,7488,200,300,100,1,4,2,-5,2,3,5,3,-3
Isaac Bonga,SF,40,432,0.277,0.451,0.625,18,48,66,23,11,9,22,63,78,4,0.461,10.2,0,-0.001,-5.8,-0.4,8398,200,250,80,2,3,2,-4,3,3.5,4,4,-3
Devin Booker,SG,67,2270,0.34,0.533,0.867,34,247,281,289,53,16,207,181,1712,19.2,0.587,32.7,4.9,0.104,0.3,1.3,8300,200,275,90,1.5,3.5,2,-4.5,2.5,3.25,4.5,3.5,-3
Chris Boucher,C,60,1453,0.383,0.595,0.788,117,287,404,63,35,111,46,166,818,21.9,0.634,20.5,6.1,0.201,3.3,2,8011,200,200,60,3,2,2,-3,4,4,3,5,-3
Brian Bowen,SF,6,15,0,0.25,1,0,3,3,0,0,0,0,1,3,1,0.338,12.6,0,-0.063,-11,0,8302,200,250,80,2,3,2,-4,3,3.5,4,4,-3
Avery Bradley,SG,27,602,0.327,0.471,0.8,8,49,57,46,21,3,28,55,173,6.3,0.487,14.9,-0.1,-0.008,-5.4,-0.5,7833,200,275,90,1.5,3.5,2,-4.5,2.5,3.25,4.5,3.5,-3
Tony Bradley,C,42,684,0,0.665,0.691,85,154,239,37,15,30,33,61,300,20.7,0.678,15.8,2.7,0.192,1.3,0.6,7560,200,200,60,3,2,2,-3,4,4,3,5,-3
Jarrell Brantley,PF,28,138,0.429,0.596,1,9,18,27,15,7,2,8,17,64,16.6,0.605,19,0.5,0.172,2.2,0.1,8382,200,225,70,2.5,2.5,2,-3.5,3.5,3.75,3.5,4.5,-3
Ignas Brazdeikis,SF,13,249,0.393,0.488,0.714,11,34,45,17,4,3,12,22,91,9.5,0.51,17.6,0.1,0.016,-5.3,-0.2,7488,200,250,80,2,3,2,-4,3,3.5,4,4,-3
Mikal Bridges,SF,72,2348,0.425,0.643,0.84,76,233,309,152,76,63,57,116,970,16.4,0.667,14.9,8,0.164,3.3,3.1,8300,200,250,80,2,3,2,-4,3,3.5,4,4,-3
Miles Bridges,PF,66,1932,0.4,0.596,0.867,81,316,397,147,44,52,106,143,840,14.7,0.625,17.3,4.2,0.105,0.2,1.1,7881,200,225,70,2.5,2.5,2,-3.5,3.5,3.75,3.5,4.5,-3
Amida Brimah,C,5,29,0,0.625,1,2,6,8,1,0,5,4,4,13,16.6,0.697,19.6,0,0.073,-4.8,0,8302,200,200,60,3,2,2,-3,4,4,3,5,-3
Oshae Brissett,SF,21,519,0.423,0.593,0.769,29,86,115,18,19,20,10,32,229,17.2,0.638,15.6,1.8,0.165,0.6,0.3,8302,200,250,80,2,3,2,-4,3,3.5,4,4,-3
Malcolm Brogdon,PG,56,1930,0.388,0.527,0.864,58,236,294,329,49,15,115,110,1186,17.9,0.561,25.9,4.2,0.105,2.1,2,8302,200,300,100,1,4,2,-5,2,3,5,3,-3
Armoni Brooks,SG,20,520,0.382,0.563,0.583,10,58,68,30,12,5,22,34,223,10.4,0.565,17.9,0.3,0.03,-3.2,-0.2,7833,200,275,90,1.5,3.5,2,-4.5,2.5,3.25,4.5,3.5,-3
Dillon Brooks,SF,67,1997,0.344,0.481,0.815,53,143,196,157,78,26,119,237,1151,12.1,0.515,26.1,1.4,0.033,-3.7,-0.9,8157,200,250,80,2,3,2,-4,3,3.5,4,4,-3
Bruce Brown,PG,65,1451,0.288,0.576,0.735,111,238,349,104,58,28,54,145,573,16.1,0.604,15.9,4.4,0.144,-0.1,0.7,8537,200,300,100,1,4,2,-5,2,3,5,3,-3
Charlie Brown Jr.,SG,9,152,0.238,0.36,0.9,3,14,17,9,4,2,6,19,40,4.1,0.422,14.9,-0.1,-0.032,-8.7,-0.3,7560,200,275,90,1.5,3.5,2,-4.5,2.5,3.25,4.5,3.5,-3
Jaylen Brown,SG,58,1999,0.397,0.558,0.764,71,276,347,195,72,32,158,168,1430,19.9,0.586,29.7,4.8,0.115,2.5,2.3,8109,200,275,90,1.5,3.5,2,-4.5,2.5,3.25,4.5,3.5,-3
Moses Brown,C,43,920,0,0.545,0.619,154,229,383,10,31,47,43,93,370,18.8,0.572,16.9,2.6,0.138,-2.4,-0.1,7560,200,200,60,3,2,2,-3,4,4,3,5,-3
Sterling Brown,SG,51,1229,0.423,0.584,0.806,38,186,224,72,38,12,41,97,416,11.1,0.597,13.5,1.8,0.071,-1.6,0.1,7833,200,275,90,1.5,3.5,2,-4.5,2.5,3.25,4.5,3.5,-3
Troy Brown Jr.,SF,34,524,0.314,0.507,0.714,20,85,105,29,10,6,21,49,161,8.5,0.525,14,0.5,0.043,-4,-0.3,8398,200,250,80,2,3,2,-4,3,3.5,4,4,-3
Jalen Brunson,PG,68,1697,0.405,0.588,0.795,27,204,231,239,35,1,80,109,857,17.1,0.618,20.2,5.1,0.143,0.9,1.2,8096,200,300,100,1,4,2,-5,2,3,5,3,-3
Elijah Bryant,SG,1,32,0.2,0.5,1,2,4,6,3,0,1,4,4,16,10.6,0.559,24,0,0.008,-7.3,0,8649,200,275,90,1.5,3.5,2,-4.5,2.5,3.25,4.5,3.5,-3
Thomas Bryant,C,10,271,0.429,0.698,0.667,18,43,61,15,4,8,11,31,143,18.7,0.704,17.2,1,0.171,0.9,0.2,8398,200,200,60,3,2,2,-3,4,4,3,5,-3
Reggie Bullock,SF,65,1949,0.41,0.587,0.909,16,207,223,99,52,11,45,146,709,11.1,0.606,14.4,4.6,0.114,-0.1,0.9,7706,200,250,80,2,3,2,-4,3,3.5,4,4,-3
Trey Burke,PG,62,911,0.354,0.51,0.895,10,44,54,81,36,7,33,64,411,12.6,0.544,20,1.4,0.071,-1.8,0,8096,200,300,100,1,4,2,-5,2,3,5,3,-3
Alec Burks,SG,49,1255,0.415,0.522,0.856,21,206,227,107,31,14,49,102,623,14.8,0.564,21.3,3.3,0.126,1.5,1.1,7706,200,275,90,1.5,3.5,2,-4.5,2.5,3.25,4.5,3.5,-3
Jimmy Butler,SF,52,1745,0.245,0.514,0.863,94,265,359,369,108,18,109,71,1116,26.5,0.607,26.6,9.3,0.255,7.7,4.3,7781,200,250,80,2,3,2,-4,3,3.5,4,4,-3
Bruno Caboclo,PF,6,36,0,0.471,0.5,3,11,14,1,0,2,4,6,17,9,0.475,25.8,-0.1,-0.088,-10.2,-0.1,7833,200,225,70,2.5,2.5,2,-3.5,3.5,3.75,3.5,4.5,-3
Devontae Cacok,PF,20,98,0,0.586,0.455,12,20,32,1,5,4,5,8,39,17.2,0.576,17.2,0.3,0.142,-1,0,7887,200,225,70,2.5,2.5,2,-3.5,3.5,3.75,3.5,4.5,-3
Kentavious Caldwell-Pope,SG,67,1902,0.41,0.549,0.866,27,152,179,127,62,26,66,114,653,10.7,0.588,14.2,4.2,0.107,-0.5,0.7,7887,200,275,90,1.5,3.5,2,-4.5,2.5,3.25,4.5,3.5,-3
Facundo Campazzo,PG,65,1425,0.352,0.502,0.879,22,112,134,232,79,14,73,132,396,11.6,0.558,13.1,3.1,0.105,-0.6,0.5,8284,200,300,100,1,4,2,-5,2,3,5,3,-3
Vlatko Čančar,PF,41,281,0.273,0.521,0.769,11,39,50,14,11,2,14,18,85,9.7,0.547,14.2,0.3,0.053,-2.6,0,8284,200,225,70,2.5,2.5,2,-3.5,3.5,3.75,3.5,4.5,-3
Devin Cannady,PG,8,74,0.375,0.5,0.857,0,5,5,1,5,1,2,9,34,11.2,0.547,19.3,0.1,0.057,-3.1,0,7488,200,300,100,1,4,2,-5,2,3,5,3,-3
Clint Capela,C,63,1898,0,0.594,0.573,297,606,903,49,44,129,73,145,956,24.3,0.601,19.9,8.2,0.207,2.7,2.2,8186,200,200,60,3,2,2,-3,4,4,3,5,-3
Vernon Carey Jr.,C,19,115,0.143,0.514,0.818,6,21,27,2,1,5,5,13,46,11.7,0.563,17.2,0.2,0.066,-6.1,-0.1,7881,200,200,60,3,2,2,-3,4,4,3,5,-3
Jevon Carter,PG,60,717,0.371,0.547,0.571,16,76,92,71,29,9,16,56,248,12.2,0.548,15,1.6,0.104,0.5,0.5,8300,200,300,100,1,4,2,-5,2,3,5,3,-3
Wendell Carter Jr.,C,54,1375,0.294,0.52,0.732,132,311,443,104,35,42,78,146,606,16.7,0.566,19.3,3.4,0.118,-1.3,0.2,7969,200,200,60,3,2,2,-3,4,4,3,5,-3
Michael Carter-Williams,SG,31,800,0.246,0.417,0.613,39,100,139,129,25,17,69,81,274,9.5,0.449,20.2,-0.5,-0.028,-4.8,-0.6,7488,200,275,90,1.5,3.5,2,-4.5,2.5,3.25,4.5,3.5,-3
Alex Caruso,PG,58,1216,0.401,0.526,0.645,31,139,170,160,64,15,76,108,370,11.1,0.547,14.8,2.4,0.095,0,0.6,7887,200,300,100,1,4,2,-5,2,3,5,3,-3
Willie Cauley-Stein,C,53,906,0.091,0.635,0.628,66,170,236,35,21,43,29,129,280,14.3,0.647,12,2.8,0.147,-1.3,0.2,8096,200,200,60,3,2,2,-3,4,4,3,5,-3
Chris Chiozza,PG,22,232,0.31,0.426,0.765,3,21,24,65,7,6,16,19,88,12.9,0.461,21,0.3,0.063,-0.7,0.1,8537,200,300,100,1,4,2,-5,2,3,5,3,-3
Marquese Chriss,PF,2,27,0.2,0.393,0.5,3,10,13,2,0,2,2,3,13,11.8,0.412,28.1,0,-0.03,-2.1,0,8187,200,225,70,2.5,2.5,2,-3.5,3.5,3.75,3.5,4.5,-3
Gary Clark,PF,39,654,0.287,0.42,0.8,33,82,115,31,13,7,17,35,119,6,0.436,10.1,0.1,0.008,-4.9,-0.5,7488,200,225,70,2.5,2.5,2,-3.5,3.5,3.75,3.5,4.5,-3
Brandon Clarke,PF,59,1415,0.26,0.537,0.69,97,231,328,95,60,51,33,84,610,17.3,0.56,17.2,4.2,0.142,1.5,1.3,8157,200,225,70,2.5,2.5,2,-3.5,3.5,3.75,3.5,4.5,-3
Jordan Clarkson,SG,68,1818,0.347,0.522,0.896,47,227,274,168,61,10,115,110,1251,17.1,0.549,29.7,4.2,0.111,1.4,1.6,8382,200,275,90,1.5,3.5,2,-4.5,2.5,3.25,4.5,3.5,-3
Nic Claxton,C,32,594,0.2,0.624,0.484,43,123,166,28,23,40,18,68,212,16.9,0.612,14,1.9,0.153,0.4,0.4,8537,200,200,60,3,2,2,-3,4,4,3,5,-3
Amir Coffey,SG,44,394,0.411,0.549,0.711,10,34,44,22,10,0,15,30,140,10.1,0.585,15.1,0.7,0.085,-2,0,8209,200,275,90,1.5,3.5,2,-4.5,2.5,3.25,4.5,3.5,-3
John Collins,PF,63,1848,0.399,0.61,0.833,118,349,467,78,34,63,84,193,1111,20.6,0.645,22.2,6.7,0.174,2.3,2,8186,200,225,70,2.5,2.5,2,-3.5,3.5,3.75,3.5,4.5,-3
Mike Conley,PG,51,1498,0.412,0.552,0.852,36,141,177,305,70,9,99,98,827,19.2,0.589,23.1,6.1,0.197,4.9,2.6,8382,200,300,100,1,4,2,-5,2,3,5,3,-3
Pat Connaughton,SG,69,1575,0.371,0.565,0.775,63,269,332,81,49,23,33,99,468,11.3,0.578,11.6,3.5,0.108,0,0.8,8649,200,275,90,1.5,3.5,2,-4.5,2.5,3.25,4.5,3.5,-3
Quinn Cook,PG,23,157,0.423,0.507,0.875,2,15,17,18,4,1,7,10,76,12.7,0.531,21.8,0.2,0.061,-1.2,0,7887,200,300,100,1,4,2,-5,2,3,5,3,-3
Tyler Cook,SF,32,438,0.5,0.675,0.486,28,67,95,17,8,2,21,35,156,12.8,0.659,13.9,0.8,0.09,-3,-0.1,7676,200,250,80,2,3,2,-4,3,3.5,4,4,-3
DeMarcus Cousins,C,41,713,0.348,0.503,0.728,53,210,263,76,34,24,64,107,366,16.4,0.537,24.5,1.2,0.079,0.4,0.4,7833,200,200,60,3,2,2,-3,4,4,3,5,-3
Robert Covington,PF,70,2243,0.379,0.533,0.806,61,405,466,117,101,84,64,195,593,11.2,0.553,11.5,3.7,0.08,0.2,1.2,8360,200,225,70,2.5,2.5,2,-3.5,3.5,3.75,3.5,4.5,-3
Torrey Craig,SF,50,803,0.368,0.566,0.773,57,140,197,49,28,26,25,83,274,14.2,0.579,14.3,2.2,0.133,0.4,0.5,8300,200,250,80,2,3,2,-4,3,3.5,4,4,-3
Jae Crowder,PF,60,1648,0.389,0.555,0.76,32,250,282,127,48,27,55,125,603,11.8,0.574,15.7,3.3,0.097,1.1,1.3,8300,200,225,70,2.5,2.5,2,-3.5,3.5,3.75,3.5,4.5,-3
Jarrett Culver,SG,34,499,0.245,0.449,0.604,34,70,104,24,17,9,28,58,180,8.8,0.476,18.2,-0.1,-0.006,-5.6,-0.5,8073,200,275,90,1.5,3.5,2,-4.5,2.5,3.25,4.5,3.5,-3
Seth Curry,SG,57,1638,0.45,0.582,0.896,10,126,136,155,44,8,65,96,711,12.9,0.607,17.1,4,0.118,-0.3,0.7,8182,200,275,90,1.5,3.5,2,-4.5,2.5,3.25,4.5,3.5,-3
Stephen Curry,PG,63,2152,0.421,0.605,0.916,29,316,345,363,77,8,213,119,2015,26.3,0.655,34.8,9,0.201,8.7,5.8,8187,200,300,100,1,4,2,-5,2,3,5,3,-3
Nate Darling,SG,7,26,0.286,0.429,1,1,0,1,1,0,1,1,1,9,8.2,0.541,15.4,0,0.038,-4,0,7881,200,275,90,1.5,3.5,2,-4.5,2.5,3.25,4.5,3.5,-3
Anthony Davis,PF,36,1162,0.26,0.512,0.738,62,224,286,110,45,59,74,60,786,22.1,0.556,29.2,3.7,0.152,4.8,2,7887,200,225,70,2.5,2.5,2,-3.5,3.5,3.75,3.5,4.5,-3
Ed Davis,C,23,299,0,0.432,0.833,46,69,115,21,13,13,7,56,48,13.1,0.487,7.9,0.8,0.135,-2.2,0,8073,200,200,60,3,2,2,-3,4,4,3,5,-3
Terence Davis,SG,61,1074,0.367,0.535,0.818,20,134,154,83,44,14,63,97,533,12.7,0.555,21.8,0.8,0.038,-1.7,0.1,8011,200,275,90,1.5,3.5,2,-4.5,2.5,3.25,4.5,3.5,-3
Gabriel Deck,PF,10,212,0.133,0.493,0.818,16,24,40,24,8,0,6,9,84,16.1,0.548,16.6,0.5,0.12,-0.4,0.1,7560,200,225,70,2.5,2.5,2,-3.5,3.5,3.75,3.5,4.5,-3
Dewayne Dedmon,C,16,210,0.2,0.715,0.741,28,58,86,12,9,6,13,36,113,24.5,0.735,19.3,1.1,0.256,1.7,0.2,7781,200,200,60,3,2,2,-3,4,4,3,5,-3
Matthew Dellavedova,PG,13,224,0.16,0.286,1,6,18,24,58,4,1,6,21,36,7.3,0.312,12.4,0,0.005,-6.4,-0.3,7476,200,300,100,1,4,2,-5,2,3,5,3,-3
DeMar DeRozan,PF,61,2056,0.257,0.505,0.88,40,219,259,422,56,15,119,128,1316,22,0.591,26.1,7.4,0.172,3.1,2.6,7998,200,225,70,2.5,2.5,2,-3.5,3.5,3.75,3.5,4.5,-3
Mamadi Diakite,PF,14,141,0.125,0.413,0.786,8,26,34,8,7,6,3,16,44,12.3,0.477,14.6,0.3,0.102,-2.4,0,8649,200,225,70,2.5,2.5,2,-3.5,3.5,3.75,3.5,4.5,-3
Hamidou Diallo,SG,52,1226,0.341,0.506,0.64,59,213,272,101,41,24,76,134,604,14.3,0.541,22.2,1.6,0.063,-2.1,0,7560,200,275,90,1.5,3.5,2,-4.5,2.5,3.25,4.5,3.5,-3
Gorgui Dieng,C,38,552,0.429,0.613,0.866,40,100,140,48,26,16,32,56,258,19.2,0.67,17.4,2.1,0.185,3.4,0.7,8157,200,200,60,3,2,2,-3,4,4,3,5,-3
Spencer Dinwiddie,SG,3,64,0.286,0.438,1,0,13,13,9,2,1,5,4,20,10.1,0.536,16.1,0.1,0.045,0.2,0,8537,200,275,90,1.5,3.5,2,-4.5,2.5,3.25,4.5,3.5,-3
Donte DiVincenzo,SG,66,1814,0.379,0.528,0.718,81,299,380,203,72,15,91,112,688,13,0.542,16.7,3.6,0.095,0.3,1,8649,200,275,90,1.5,3.5,2,-4.5,2.5,3.25,4.5,3.5,-3
Luka Dončić,PG,66,2262,0.35,0.55,0.73,54,473,527,567,64,36,281,152,1830,25.3,0.587,36,7.7,0.163,6.8,5.1,8096,200,300,100,1,4,2,-5,2,3,5,3,-3
Luguentz Dort,SG,52,1543,0.343,0.475,0.744,38,151,189,88,45,19,79,134,729,10.1,0.513,21.7,0.3,0.011,-3.5,-0.6,7560,200,275,90,1.5,3.5,2,-4.5,2.5,3.25,4.5,3.5,-3
Damyean Dotson,SG,46,907,0.289,0.485,0.667,5,88,93,91,16,4,42,42,308,8.1,0.499,16.9,0,-0.002,-4.8,-0.6,7476,200,275,90,1.5,3.5,2,-4.5,2.5,3.25,4.5,3.5,-3
Devon Dotson,PG,11,50,0.143,0.548,0,2,3,5,7,4,0,0,3,23,19.3,0.548,18.2,0.2,0.177,2.1,0.1,7969,200,300,100,1,4,2,-5,2,3,5,3,-3
Sekou Doumbouya,PF,56,869,0.226,0.426,0.703,39,104,143,47,24,9,44,94,285,6.9,0.459,17.8,-0.2,-0.012,-6.7,-1,7676,200,225,70,2.5,2.5,2,-3.5,3.5,3.75,3.5,4.5,-3
PJ Dozier,SG,50,1088,0.315,0.483,0.636,35,147,182,92,31,22,46,86,385,10.4,0.501,17.2,1.1,0.051,-2.6,-0.2,8284,200,275,90,1.5,3.5,2,-4.5,2.5,3.25,4.5,3.5,-3
Goran Dragić,PG,50,1337,0.373,0.514,0.828,25,144,169,219,33,8,118,113,672,13,0.552,24.5,1.3,0.048,-2.3,-0.1,7781,200,300,100,1,4,2,-5,2,3,5,3,-3
Andre Drummond,C,46,1242,0,0.493,0.6,166,385,551,94,63,49,124,149,687,19.4,0.519,27.6,2,0.077,-1.2,0.3,7476,200,200,60,3,2,2,-3,4,4,3,5,-3
Jared Dudley,PF,12,81,0.333,0.333,0,4,17,21,5,1,1,2,7,6,4.4,0.333,5.9,0.1,0.053,-3.5,0,7887,200,225,70,2.5,2.5,2,-3.5,3.5,3.75,3.5,4.5,-3
Kris Dunn,PG,4,45,0,0.083,0.75,0,6,6,2,2,2,3,10,5,-5.7,0.182,16.2,-0.2,-0.202,-13.7,-0.1,8186,200,300,100,1,4,2,-5,2,3,5,3,-3
Kevin Durant,PF,35,1157,0.45,0.608,0.882,13,234,247,195,25,45,120,70,943,26.4,0.666,31.2,5,0.206,7.2,2.7,8537,200,225,70,2.5,2.5,2,-3.5,3.5,3.75,3.5,4.5,-3
Anthony Edwards,SG,72,2314,0.329,0.488,0.776,59,277,336,211,82,36,160,129,1392,13.9,0.523,27,0.8,0.017,-2.1,-0.1,8073,200,275,90,1.5,3.5,2,-4.5,2.5,3.25,4.5,3.5,-3
Carsen Edwards,SG,31,276,0.286,0.505,0.846,3,23,26,14,7,1,7,25,123,10.2,0.527,19.3,0.3,0.051,-4.5,-0.2,8109,200,275,90,1.5,3.5,2,-4.5,2.5,3.25,4.5,3.5,-3
CJ Elleby,SF,30,192,0.206,0.432,0.733,11,21,32,10,6,3,5,27,68,9.4,0.468,17.4,0.1,0.032,-4.9,-0.1,8360,200,250,80,2,3,2,-4,3,3.5,4,4,-3
Henry Ellenson,PF,2,38,0.222,0.429,0.75,3,9,12,5,0,0,0,7,15,12.8,0.476,17.9,0.1,0.127,-1.8,0,8011,200,225,70,2.5,2.5,2,-3.5,3.5,3.75,3.5,4.5,-3
Wayne Ellington,SG,46,1012,0.422,0.612,0.8,12,73,85,67,18,9,33,59,442,12.2,0.625,16.7,1.9,0.088,-0.2,0.5,7676,200,275,90,1.5,3.5,2,-4.5,2.5,3.25,4.5,3.5,-3
Joel Embiid,C,51,1585,0.377,0.545,0.859,113,426,539,145,50,69,159,123,1451,30.3,0.636,35.3,8.8,0.266,7.5,3.8,8182,200,200,60,3,2,2,-3,4,4,3,5,-3
James Ennis III,SF,41,986,0.433,0.566,0.805,43,123,166,62,32,7,36,84,345,12.5,0.613,13.9,2,0.097,-2.2,-0.1,7488,200,250,80,2,3,2,-4,3,3.5,4,4,-3
Drew Eubanks,C,54,755,1,0.571,0.726,74,167,241,42,18,49,45,88,311,17.9,0.618,17.1,2.3,0.145,0,0.4,7998,200,200,60,3,2,2,-3,4,4,3,5,-3
Dante Exum,SG,6,116,0.182,0.423,0.5,2,15,17,13,4,2,7,9,23,5.9,0.428,12.7,-0.1,-0.025,-3.8,-0.1,7476,200,275,90,1.5,3.5,2,-4.5,2.5,3.25,4.5,3.5,-3
Tacko Fall,C,19,136,0,0.724,0.333,16,36,52,3,1,20,6,22,47,19.6,0.66,13.2,0.5,0.177,1.2,0.1,8109,200,200,60,3,2,2,-3,4,4,3,5,-3
Derrick Favors,C,68,1039,0,0.638,0.738,138,238,376,44,32,68,36,143,369,19.7,0.663,13,5.1,0.237,2.6,1.2,8382,200,200,60,3,2,2,-3,4,4,3,5,-3
Cristiano Felício,C,18,84,0,0.538,0.563,10,16,26,9,4,0,4,10,23,14.7,0.574,12.4,0.3,0.151,0.1,0,7969,200,200,60,3,2,2,-3,4,4,3,5,-3
Terrance Ferguson,SG,13,49,0,0.143,0,0,1,1,2,1,0,4,7,2,-7.1,0.143,9.7,-0.2,-0.161,-14.3,-0.2,8182,200,275,90,1.5,3.5,2,-4.5,2.5,3.25,4.5,3.5,-3
Bruno Fernando,C,33,226,0,0.409,0.682,16,62,78,10,4,3,21,23,51,6.2,0.475,14.4,-0.1,-0.019,-6.5,-0.3,8186,200,200,60,3,2,2,-3,4,4,3,5,-3
Yogi Ferrell,PG,10,136,0.321,0.43,0.778,5,14,19,22,7,3,3,11,56,14.4,0.459,20.7,0.3,0.099,0.2,0.1,8209,200,300,100,1,4,2,-5,2,3,5,3,-3
Dorian Finney-Smith,PF,60,1921,0.394,0.6,0.756,98,228,326,102,52,25,48,138,590,12,0.609,12.2,4.4,0.11,0.1,1,8096,200,225,70,2.5,2.5,2,-3.5,3.5,3.75,3.5,4.5,-3
Malik Fitts,PF,3,11,0.5,0.5,0,0,3,3,0,0,0,0,3,3,2.9,0.5,12.1,0,0.049,-9.1,0,8209,200,225,70,2.5,2.5,2,-3.5,3.5,3.75,3.5,4.5,-3
Malachi Flynn,PG,47,928,0.321,0.453,0.804,10,106,116,137,38,7,43,68,353,10.9,0.484,19,0.8,0.041,-2.6,-0.1,8011,200,300,100,1,4,2,-5,2,3,5,3,-3
Bryn Forbes,SG,70,1354,0.452,0.618,0.77,11,101,112,45,24,1,44,77,701,12.8,0.631,18.5,2.7,0.096,-1.3,0.2,8649,200,275,90,1.5,3.5,2,-4.5,2.5,3.25,4.5,3.5,-3
Trent Forrest,PG,30,302,0.192,0.486,1,11,33,44,45,9,4,21,22,88,11.2,0.554,14.3,0.7,0.106,-1.3,0.1,8382,200,300,100,1,4,2,-5,2,3,5,3,-3
Evan Fournier,SF,42,1259,0.413,0.565,0.788,10,118,128,144,47,19,73,96,719,16.7,0.598,23.1,2.8,0.107,1.1,1,7488,200,250,80,2,3,2,-4,3,3.5,4,4,-3
De'Aaron Fox,PG,58,2036,0.322,0.523,0.719,33,170,203,417,87,27,174,170,1461,20.7,0.565,31,4.2,0.098,1.8,2,8189,200,300,100,1,4,2,-5,2,3,5,3,-3
Robert Franks,PF,7,101,0.333,0.554,0.923,6,8,14,5,3,3,2,8,43,16.5,0.638,15.3,0.3,0.158,-0.2,0,7488,200,225,70,2.5,2.5,2,-3.5,3.5,3.75,3.5,4.5,-3
Tim Frazier,PG,5,62,0,0.15,0.333,0,8,8,16,2,1,4,7,8,-0.5,0.177,18.1,-0.2,-0.169,-11.9,-0.2,8157,200,300,100,1,4,2,-5,2,3,5,3,-3
Enes Freedom,C,72,1758,0.25,0.605,0.774,284,511,795,84,33,48,78,168,806,22.4,0.636,17.4,7.5,0.204,0.6,1.2,8360,200,200,60,3,2,2,-3,4,4,3,5,-3
Markelle Fultz,PG,8,215,0.25,0.413,0.895,5,20,25,43,8,2,18,18,103,12,0.458,26.2,-0.1,-0.024,-4.4,-0.1,7488,200,300,100,1,4,2,-5,2,3,5,3,-3
Wenyen Gabriel,PF,21,241,0.406,0.508,0.647,20,34,54,11,9,8,15,32,72,9.8,0.533,14.4,0.3,0.052,-3.3,-0.1,8251,200,225,70,2.5,2.5,2,-3.5,3.5,3.75,3.5,4.5,-3
Daniel Gafford,PF,54,791,0,0.684,0.667,94,137,231,29,26,75,41,98,380,22.2,0.697,16.7,3.5,0.209,2.2,0.8,7969,200,225,70,2.5,2.5,2,-3.5,3.5,3.75,3.5,4.5,-3
Danilo Gallinari,PF,51,1222,0.406,0.542,0.925,17,194,211,76,30,10,43,105,676,16.3,0.613,21.2,3.7,0.146,1.1,1,8186,200,225,70,2.5,2.5,2,-3.5,3.5,3.75,3.5,4.5,-3
Langston Galloway,SG,40,438,0.424,0.571,0.957,7,35,42,26,8,0,13,25,190,12.1,0.605,17.3,0.9,0.096,-0.9,0.1,8300,200,275,90,1.5,3.5,2,-4.5,2.5,3.25,4.5,3.5,-3
Darius Garland,PG,54,1790,0.395,0.517,0.848,23,106,129,329,66,6,164,110,941,14.2,0.547,24.9,1.2,0.033,-2.1,-0.1,7476,200,300,100,1,4,2,-5,2,3,5,3,-3
Marc Gasol,C,52,993,0.41,0.582,0.72,38,177,215,109,26,58,53,115,262,12.2,0.606,11.8,2.8,0.133,2.3,1.1,7887,200,200,60,3,2,2,-3,4,4,3,5,-3
Rudy Gay,PF,63,1358,0.381,0.505,0.804,42,261,303,88,45,40,65,115,716,14.7,0.532,23.6,1.7,0.059,-0.1,0.6,7998,200,225,70,2.5,2.5,2,-3.5,3.5,3.75,3.5,4.5,-3
Paul George,SF,54,1821,0.411,0.557,0.868,45,314,359,280,62,24,179,132,1259,20.5,0.598,30,5.3,0.139,4.2,2.9,8209,200,250,80,2,3,2,-4,3,3.5,4,4,-3
Taj Gibson,C,45,936,0.2,0.636,0.727,99,151,250,36,31,49,22,99,241,16,0.661,9.7,3.8,0.195,1.3,0.8,7706,200,200,60,3,2,2,-3,4,4,3,5,-3
Harry Giles,C,38,348,0.348,0.474,0.593,31,102,133,29,8,13,20,54,108,12.4,0.496,15.9,0.5,0.069,-2.9,-0.1,8360,200,200,60,3,2,2,-3,4,4,3,5,-3
Shai Gilgeous-Alexander,SG,35,1180,0.418,0.571,0.808,19,147,166,207,27,23,106,70,830,21.6,0.623,27.8,3.5,0.143,4.1,1.8,7560,200,275,90,1.5,3.5,2,-4.5,2.5,3.25,4.5,3.5,-3
Anthony Gill,PF,26,218,0.292,0.558,0.813,16,35,51,11,10,4,8,27,80,13.7,0.597,14.2,0.6,0.123,-1.3,0,8398,200,225,70,2.5,2.5,2,-3.5,3.5,3.75,3.5,4.5,-3
Freddie Gillespie,PF,20,392,0,0.524,0.697,42,55,97,9,13,20,12,43,111,13.4,0.563,12.2,0.9,0.116,-3.2,-0.1,8011,200,225,70,2.5,2.5,2,-3.5,3.5,3.75,3.5,4.5,-3
Rudy Gobert,C,71,2187,0,0.675,0.623,240,720,960,89,40,190,118,163,1015,23.5,0.683,17,11.3,0.248,4.9,3.8,8382,200,200,60,3,2,2,-3,4,4,3,5,-3
Brandon Goodwin,PG,47,620,0.311,0.448,0.651,8,61,69,95,17,0,36,41,228,9.2,0.471,19.5,0.2,0.013,-3.1,-0.2,8186,200,300,100,1,4,2,-5,2,3,5,3,-3
Aaron Gordon,PF,50,1384,0.335,0.522,0.651,77,207,284,161,33,34,97,89,618,14.5,0.547,20.7,1.9,0.066,0.1,0.7,7488,200,225,70,2.5,2.5,2,-3.5,3.5,3.75,3.5,4.5,-3
Eric Gordon,SG,27,789,0.329,0.527,0.825,8,50,58,71,14,13,51,44,481,14.4,0.577,25.2,0.8,0.048,-1.1,0.2,7833,200,275,90,1.5,3.5,2,-4.5,2.5,3.25,4.5,3.5,-3
Devonte' Graham,PG,55,1659,0.375,0.51,0.842,22,126,148,295,48,6,84,77,816,14.6,0.552,21.4,3.4,0.099,0.7,1.1,7881,200,300,100,1,4,2,-5,2,3,5,3,-3
Jerami Grant,SF,54,1829,0.35,0.491,0.845,35,215,250,152,35,58,109,125,1205,16.9,0.556,28.5,3.2,0.083,1.1,1.4,7676,200,250,80,2,3,2,-4,3,3.5,4,4,-3
Danny Green,SF,69,1934,0.405,0.573,0.775,55,205,260,118,92,56,67,125,654,12.1,0.582,14,4.6,0.115,1.9,1.9,8182,200,250,80,2,3,2,-4,3,3.5,4,4,-3
Draymond Green,PF,63,1982,0.27,0.492,0.795,55,394,449,558,105,52,188,194,444,13.3,0.53,13.1,4.6,0.112,1.7,1.9,8187,200,225,70,2.5,2.5,2,-3.5,3.5,3.75,3.5,4.5,-3
JaMychal Green,PF,58,1120,0.399,0.568,0.807,85,192,277,53,26,22,53,144,471,13.6,0.59,17.6,2.6,0.11,-1.5,0.1,8284,200,225,70,2.5,2.5,2,-3.5,3.5,3.75,3.5,4.5,-3
Javonte Green,SF,41,473,0.333,0.569,0.75,26,45,71,17,28,6,19,45,146,12.1,0.61,12.6,1.1,0.107,-0.5,0.2,8109,200,250,80,2,3,2,-4,3,3.5,4,4,-3
Jeff Green,C,68,1835,0.412,0.59,0.776,34,229,263,108,36,27,54,122,750,13,0.624,15.6,4.1,0.107,-0.8,0.6,8537,200,200,60,3,2,2,-3,4,4,3,5,-3
Josh Green,SG,39,445,0.16,0.473,0.565,28,50,78,28,16,3,17,35,101,8.8,0.49,11.9,0.5,0.05,-3.6,-0.2,8096,200,275,90,1.5,3.5,2,-4.5,2.5,3.25,4.5,3.5,-3
Blake Griffin,PF,46,1186,0.341,0.509,0.744,35,190,225,140,32,15,62,111,505,12.9,0.546,19.3,2,0.081,-0.8,0.3,8537,200,225,70,2.5,2.5,2,-3.5,3.5,3.75,3.5,4.5,-3
Kyle Guy,PG,31,235,0.283,0.403,0.8,5,30,35,32,6,0,11,20,87,8.5,0.449,19.7,-0.1,-0.015,-5.8,-0.2,8189,200,300,100,1,4,2,-5,2,3,5,3,-3
Rui Hachimura,PF,57,1797,0.328,0.513,0.77,49,263,312,82,44,7,68,120,789,11.4,0.549,18.1,2.1,0.056,-3.1,-0.5,8398,200,225,70,2.5,2.5,2,-3.5,3.5,3.75,3.5,4.5,-3
Ashton Hagans,PG,2,4,0,0,0,0,0,0,0,0,0,1,0,0,-12.4,0,10.5,0,-0.353,-21.1,0,8073,200,300,100,1,4,2,-5,2,3,5,3,-3
Tyrese Haliburton,PG,58,1746,0.409,0.569,0.857,39,134,173,309,77,28,92,83,753,16.2,0.585,18.1,3.5,0.096,1.4,1.5,8189,200,300,100,1,4,2,-5,2,3,5,3,-3
Donta Hall,PF,13,179,0,0.714,0.676,24,38,62,11,5,10,8,18,73,22.3,0.731,14,0.8,0.223,1.6,0.2,7488,200,225,70,2.5,2.5,2,-3.5,3.5,3.75,3.5,4.5,-3
Josh Hall,SF,21,336,0.108,0.323,0.5,6,53,59,28,4,1,25,37,86,1,0.363,18.1,-0.9,-0.126,-11.9,-0.8,7560,200,250,80,2,3,2,-4,3,3.5,4,4,-3
R.J. Hampton,SG,51,888,0.31,0.478,0.671,29,150,179,87,21,10,53,61,354,11.1,0.507,19.6,0.4,0.021,-3.8,-0.4,7488,200,275,90,1.5,3.5,2,-4.5,2.5,3.25,4.5,3.5,-3
Tim Hardaway Jr.,SG,70,1985,0.391,0.56,0.816,20,209,229,126,31,11,64,111,1163,15.7,0.589,23.4,4.3,0.105,0.4,1.2,8096,200,275,90,1.5,3.5,2,-4.5,2.5,3.25,4.5,3.5,-3
James Harden,PG,44,1609,0.362,0.548,0.861,35,313,348,475,53,33,177,99,1083,24.5,0.618,28.4,7,0.208,7.2,3.7,8537,200,300,100,1,4,2,-5,2,3,5,3,-3
Maurice Harkless,PF,37,772,0.274,0.488,0.767,13,76,89,44,30,20,22,86,194,8.1,0.527,11.5,0.6,0.038,-3.7,-0.3,8189,200,225,70,2.5,2.5,2,-3.5,3.5,3.75,3.5,4.5,-3
Jared Harper,PG,8,16,0,0,0.75,0,2,2,1,0,0,3,1,3,-10.8,0.26,24.4,-0.1,-0.365,-22.1,-0.1,7706,200,300,100,1,4,2,-5,2,3,5,3,-3
Montrezl Harrell,C,69,1580,0,0.622,0.707,158,270,428,73,46,49,74,128,931,22.7,0.65,21.7,7.3,0.221,3,2,7887,200,200,60,3,2,2,-3,4,4,3,5,-3
Gary Harris,SG,39,1080,0.34,0.47,0.821,21,58,79,78,28,11,37,71,388,9.1,0.511,16.7,0.7,0.033,-4.2,-0.6,7488,200,275,90,1.5,3.5,2,-4.5,2.5,3.25,4.5,3.5,-3
Jalen Harris,SG,13,172,0.472,0.618,0.778,3,15,18,17,8,0,14,15,96,15.2,0.632,22.6,0.3,0.079,0.3,0.1,8011,200,275,90,1.5,3.5,2,-4.5,2.5,3.25,4.5,3.5,-3
Joe Harris,SF,69,2141,0.475,0.654,0.778,43,205,248,130,46,14,62,141,974,14.1,0.663,16.2,5.2,0.117,0.4,1.3,8537,200,250,80,2,3,2,-4,3,3.5,4,4,-3
Tobias Harris,PF,62,2014,0.394,0.556,0.892,62,357,419,220,55,51,107,119,1210,20,0.597,23.9,7.1,0.17,3.7,2.9,8182,200,225,70,2.5,2.5,2,-3.5,3.5,3.75,3.5,4.5,-3
Shaquille Harrison,SG,34,333,0.188,0.353,0.818,7,41,48,25,17,5,11,33,73,6.8,0.416,12.9,0.2,0.03,-4.1,-0.2,8284,200,275,90,1.5,3.5,2,-4.5,2.5,3.25,4.5,3.5,-3
Josh Hart,SF,47,1349,0.326,0.531,0.775,53,324,377,109,38,12,49,111,434,12.2,0.566,13.5,2.7,0.097,-0.8,0.4,8251,200,250,80,2,3,2,-4,3,3.5,4,4,-3
Isaiah Hartenstein,C,46,559,0.333,0.556,0.648,65,116,181,55,19,39,44,104,236,17.9,0.583,19.2,1.6,0.134,-0.9,0.2,8284,200,200,60,3,2,2,-3,4,4,3,5,-3
Udonis Haslem,C,1,3,0,1,0,0,1,1,0,0,0,0,0,4,54.6,1,30.1,0,0.475,31.1,0,7781,200,200,60,3,2,2,-3,4,4,3,5,-3
Jaxson Hayes,C,60,964,0.429,0.636,0.775,92,165,257,35,25,38,39,101,449,19.1,0.675,16.2,3.5,0.176,0.6,0.6,8251,200,200,60,3,2,2,-3,4,4,3,5,-3
Killian Hayes,PG,26,670,0.278,0.403,0.824,6,63,69,138,27,10,83,57,176,5.3,0.422,19,-1.1,-0.081,-7.2,-0.9,7676,200,300,100,1,4,2,-5,2,3,5,3,-3
Gordon Hayward,SF,44,1496,0.415,0.537,0.843,37,221,258,181,52,14,91,74,863,17.6,0.584,23.9,3.5,0.114,1.6,1.4,7881,200,250,80,2,3,2,-4,3,3.5,4,4,-3
Juancho Hernangómez,PF,52,900,0.327,0.527,0.619,45,160,205,35,19,7,27,52,375,12.1,0.549,17.2,1.1,0.06,-2.9,-0.2,8073,200,225,70,2.5,2.5,2,-3.5,3.5,3.75,3.5,4.5,-3
Willy Hernangómez,C,47,846,0.1,0.565,0.667,117,217,334,50,22,23,34,68,365,19.6,0.591,17,2.9,0.163,0,0.4,8251,200,200,60,3,2,2,-3,4,4,3,5,-3
Tyler Herro,SG,54,1635,0.36,0.516,0.803,25,243,268,184,35,17,101,71,815,13.3,0.543,23.5,1.7,0.049,-1.3,0.3,7781,200,275,90,1.5,3.5,2,-4.5,2.5,3.25,4.5,3.5,-3
Buddy Hield,SG,71,2433,0.391,0.548,0.846,29,305,334,257,63,30,130,175,1176,12.8,0.567,20.7,2.2,0.044,-0.6,0.9,8189,200,275,90,1.5,3.5,2,-4.5,2.5,3.25,4.5,3.5,-3
George Hill,PG,30,672,0.388,0.561,0.8,16,45,61,73,23,5,31,31,261,13.1,0.596,15.9,1.4,0.1,-1.2,0.1,8182,200,300,100,1,4,2,-5,2,3,5,3,-3
Solomon Hill,PF,71,1513,0.321,0.473,0.761,42,172,214,75,50,11,42,116,317,6.7,0.498,10.4,1.3,0.04,-2.5,-0.2,8186,200,225,70,2.5,2.5,2,-3.5,3.5,3.75,3.5,4.5,-3
Nate Hinton,SG,21,93,0.211,0.405,0.7,1,8,9,8,7,2,5,8,41,10.4,0.442,24.4,0,-0.015,-3.4,0,8096,200,275,90,1.5,3.5,2,-4.5,2.5,3.25,4.5,3.5,-3
Jaylen Hoard,SF,19,320,0,0.5,0.683,21,44,65,24,13,5,17,19,116,13.4,0.547,16.3,0.5,0.07,-2.5,0,7560,200,250,80,2,3,2,-4,3,3.5,4,4,-3
Aaron Holiday,PG,66,1176,0.368,0.467,0.819,15,74,89,123,46,13,66,94,475,9.2,0.503,19.5,0.2,0.009,-4.2,-0.7,8302,200,300,100,1,4,2,-5,2,3,5,3,-3
Jrue Holiday,PG,59,1907,0.392,0.57,0.787,73,195,268,357,96,37,127,98,1046,20,0.592,22.2,6.6,0.165,3.4,2.6,8649,200,300,100,1,4,2,-5,2,3,5,3,-3
Justin Holiday,SG,72,2183,0.382,0.551,0.788,32,224,256,119,74,41,54,135,756,10.4,0.571,14,3.1,0.069,-1,0.6,8302,200,275,90,1.5,3.5,2,-4.5,2.5,3.25,4.5,3.5,-3
Rondae Hollis-Jefferson,PF,11,107,0,0.5,0.563,11,15,26,13,2,4,2,15,27,14.4,0.539,10.9,0.3,0.147,0.1,0.1,8360,200,225,70,2.5,2.5,2,-3.5,3.5,3.75,3.5,4.5,-3
Richaun Holmes,C,61,1782,0.182,0.638,0.794,144,360,504,101,39,96,75,213,869,20.2,0.669,17.5,6.1,0.165,0.6,1.2,8189,200,200,60,3,2,2,-3,4,4,3,5,-3
Rodney Hood,SF,55,942,0.301,0.427,0.857,23,80,103,53,24,7,36,74,246,5.6,0.452,14.1,-0.4,-0.019,-6.4,-1,8360,200,250,80,2,3,2,-4,3,3.5,4,4,-3
Al Horford,C,28,782,0.368,0.528,0.818,29,159,188,94,25,26,29,48,398,17.4,0.538,21.6,1.6,0.101,3.4,1.1,7560,200,200,60,3,2,2,-3,4,4,3,5,-3
Talen Horton-Tucker,SG,65,1304,0.282,0.496,0.775,25,144,169,181,63,21,105,127,585,12.9,0.536,21.7,2.1,0.078,-1.2,0.3,7887,200,275,90,1.5,3.5,2,-4.5,2.5,3.25,4.5,3.5,-3
Danuel House Jr.,SF,36,932,0.346,0.504,0.651,18,114,132,69,20,16,36,67,315,9.1,0.525,15.3,0.5,0.026,-3.5,-0.3,7833,200,250,80,2,3,2,-4,3,3.5,4,4,-3
Dwight Howard,C,69,1196,0.25,0.596,0.576,190,390,580,61,30,62,112,200,482,17.8,0.61,18.2,4,0.159,-1.5,0.1,8182,200,200,60,3,2,2,-3,4,4,3,5,-3
Markus Howard,SG,37,205,0.277,0.462,0.778,1,20,21,18,4,1,18,23,105,6.4,0.477,27.2,-0.3,-0.068,-8.7,-0.3,8284,200,275,90,1.5,3.5,2,-4.5,2.5,3.25,4.5,3.5,-3
Kevin Huerter,SG,69,2126,0.363,0.528,0.781,38,193,231,241,82,18,79,165,822,12.2,0.541,17.2,3.6,0.08,-0.3,1,8186,200,275,90,1.5,3.5,2,-4.5,2.5,3.25,4.5,3.5,-3
Elijah Hughes,SF,18,64,0.348,0.467,0.75,1,8,9,6,1,1,6,1,31,8.4,0.488,25.4,0,-0.013,-2.8,0,8382,200,250,80,2,3,2,-4,3,3.5,4,4,-3
De'Andre Hunter,SF,23,678,0.326,0.546,0.859,17,93,110,44,19,12,29,59,344,15.7,0.603,20.2,1.7,0.123,1.2,0.5,8186,200,250,80,2,3,2,-4,3,3.5,4,4,-3
Chandler Hutchison,SF,25,346,0.364,0.417,0.84,6,72,78,17,12,5,20,33,107,6.8,0.469,16.2,-0.1,-0.007,-5.6,-0.3,8398,200,250,80,2,3,2,-4,3,3.5,4,4,-3
Serge Ibaka,C,41,955,0.339,0.563,0.811,73,202,275,74,9,47,44,76,454,18.2,0.585,20.1,3,0.15,1.4,0.8,8209,200,200,60,3,2,2,-3,4,4,3,5,-3
Andre Iguodala,SF,63,1339,0.33,0.504,0.658,38,183,221,142,57,35,67,90,275,9.2,0.519,11.2,1.7,0.062,-0.4,0.5,7781,200,250,80,2,3,2,-4,3,3.5,4,4,-3
Ersan İlyasova,PF,17,148,0.439,0.556,1,7,22,29,4,10,3,8,29,65,12.1,0.578,18.7,0.4,0.122,-0.9,0,8382,200,225,70,2.5,2.5,2,-3.5,3.5,3.75,3.5,4.5,-3
Joe Ingles,SF,67,1867,0.451,0.652,0.844,27,217,244,318,45,12,117,120,809,15.9,0.672,16.6,7,0.18,3.5,2.6,8382,200,250,80,2,3,2,-4,3,3.5,4,4,-3
Brandon Ingram,SF,61,2093,0.381,0.531,0.878,34,265,299,296,42,36,154,124,1450,19.2,0.584,28,5.3,0.12,2.2,2.2,8251,200,250,80,2,3,2,-4,3,3.5,4,4,-3
Kyrie Irving,PG,54,1886,0.402,0.576,0.922,52,205,257,324,76,37,130,140,1451,24.4,0.614,30.4,7.4,0.189,5.5,3.6,8537,200,300,100,1,4,2,-5,2,3,5,3,-3
Wes Iwundu,SF,41,539,0.122,0.358,0.839,15,75,90,18,15,4,19,49,99,4.3,0.428,10.8,0,-0.003,-6.3,-0.6,8096,200,250,80,2,3,2,-4,3,3.5,4,4,-3
Frank Jackson,PG,40,738,0.407,0.561,0.813,15,71,86,36,15,1,34,53,390,13.2,0.598,21.3,1.2,0.076,-1.7,0.1,7676,200,300,100,1,4,2,-5,2,3,5,3,-3
Jaren Jackson Jr.,C,11,258,0.283,0.492,0.833,17,45,62,12,12,18,15,42,158,18,0.551,25.9,0.7,0.123,0.1,0.1,8157,200,200,60,3,2,2,-3,4,4,3,5,-3
Josh Jackson,SG,62,1560,0.3,0.473,0.729,57,197,254,143,53,47,142,178,828,12,0.516,26.5,0.1,0.004,-3,-0.4,7676,200,275,90,1.5,3.5,2,-4.5,2.5,3.25,4.5,3.5,-3
Justin Jackson,SF,34,577,0.308,0.484,0.838,16,61,77,52,15,2,32,32,245,10.4,0.516,19.8,0.2,0.018,-3.5,-0.2,7560,200,250,80,2,3,2,-4,3,3.5,4,4,-3
Reggie Jackson,SG,67,1544,0.433,0.554,0.817,24,168,192,205,41,7,74,127,715,14.2,0.576,19.9,3.7,0.115,0.4,0.9,8209,200,275,90,1.5,3.5,2,-4.5,2.5,3.25,4.5,3.5,-3
Justin James,SF,36,310,0.368,0.532,0.583,9,21,30,22,8,3,15,23,139,11.3,0.548,19.7,0.1,0.02,-4.3,-0.2,8189,200,250,80,2,3,2,-4,3,3.5,4,4,-3
LeBron James,PG,45,1504,0.365,0.576,0.698,29,317,346,350,48,25,168,70,1126,24.2,0.602,31.9,5.6,0.179,8.1,3.8,7887,200,300,100,1,4,2,-5,2,3,5,3,-3
Mike James,PG,13,236,0.355,0.429,0.778,3,29,32,54,6,1,20,10,100,11.9,0.481,22.9,0.1,0.028,-4.4,-0.1,8537,200,300,100,1,4,2,-5,2,3,5,3,-3
DaQuan Jeffries,SG,31,493,0.299,0.5,0.875,19,52,71,22,15,10,14,48,127,7.9,0.514,11.9,0.3,0.027,-4.7,-0.3,8189,200,275,90,1.5,3.5,2,-4.5,2.5,3.25,4.5,3.5,-3
Ty Jerome,SG,33,788,0.423,0.57,0.765,10,81,91,120,20,6,47,61,353,13.4,0.585,18.8,1.3,0.079,-0.7,0.3,7560,200,275,90,1.5,3.5,2,-4.5,2.5,3.25,4.5,3.5,-3
Isaiah Joe,SG,41,383,0.368,0.508,0.75,6,30,36,20,12,4,11,34,153,9.5,0.533,17.4,0.6,0.078,-3,-0.1,8182,200,275,90,1.5,3.5,2,-4.5,2.5,3.25,4.5,3.5,-3
Alize Johnson,PF,18,189,0.167,0.596,1,27,63,90,14,5,5,9,16,94,23.5,0.638,19.1,0.9,0.227,2.7,0.2,8537,200,225,70,2.5,2.5,2,-3.5,3.5,3.75,3.5,4.5,-3
Cameron Johnson,PF,60,1437,0.349,0.541,0.847,33,166,199,86,37,16,40,85,573,11.8,0.563,17,2.6,0.086,-0.2,0.7,8300,200,225,70,2.5,2.5,2,-3.5,3.5,3.75,3.5,4.5,-3
James Johnson,PF,51,1043,0.258,0.494,0.592,32,145,177,98,42,42,55,120,368,11.4,0.51,17.1,1.2,0.055,-1.2,0.2,8096,200,225,70,2.5,2.5,2,-3.5,3.5,3.75,3.5,4.5,-3
Keldon Johnson,SF,69,1968,0.331,0.522,0.74,93,319,412,121,40,24,78,142,881,13.8,0.557,19.2,3.3,0.079,-1.6,0.2,7998,200,250,80,2,3,2,-4,3,3.5,4,4,-3
Stanley Johnson,PF,61,1006,0.328,0.479,0.8,29,124,153,89,52,18,54,116,267,8.8,0.519,13.4,1,0.048,-2.5,-0.1,8011,200,225,70,2.5,2.5,2,-3.5,3.5,3.75,3.5,4.5,-3
Tyler Johnson,SG,39,684,0.364,0.525,0.857,6,71,77,47,14,0,17,43,210,8.2,0.546,13.3,0.7,0.049,-3.4,-0.2,8537,200,275,90,1.5,3.5,2,-4.5,2.5,3.25,4.5,3.5,-3
Nikola Jokić,C,72,2488,0.388,0.602,0.868,205,575,780,599,95,48,222,192,1898,31.3,0.647,29.6,15.6,0.301,12.1,8.8,8284,200,200,60,3,2,2,-3,4,4,3,5,-3
Damian Jones,C,39,547,0.2,0.684,0.724,36,85,121,29,11,29,26,77,183,14.6,0.712,12.3,1.6,0.138,-1.4,0.1,8189,200,200,60,3,2,2,-3,4,4,3,5,-3
Derrick Jones Jr.,SF,58,1318,0.316,0.554,0.648,77,128,205,47,37,54,32,127,396,11.9,0.576,12.3,2.4,0.089,-1.4,0.2,8360,200,250,80,2,3,2,-4,3,3.5,4,4,-3
Mason Jones,SG,32,334,0.364,0.52,0.625,7,48,55,42,7,1,29,24,168,12.1,0.556,23,0.2,0.028,-2.7,-0.1,7833,200,275,90,1.5,3.5,2,-4.5,2.5,3.25,4.5,3.5,-3
Tre Jones,PG,37,269,0.6,0.494,0.895,8,13,21,39,8,0,13,13,94,12.1,0.544,16.1,0.4,0.066,-3.5,-0.1,7998,200,300,100,1,4,2,-5,2,3,5,3,-3
Tyus Jones,PG,70,1222,0.321,0.485,0.911,21,119,140,259,64,6,48,31,442,15,0.511,16.6,2.8,0.11,0.8,0.9,8157,200,300,100,1,4,2,-5,2,3,5,3,-3
DeAndre Jordan,C,57,1246,0,0.763,0.5,117,310,427,93,17,65,85,116,426,17.1,0.736,13.1,3.9,0.152,1,0.9,8537,200,200,60,3,2,2,-3,4,4,3,5,-3
Cory Joseph,PG,63,1446,0.341,0.522,0.818,35,124,159,213,61,18,79,139,517,12.5,0.556,16.3,2.1,0.069,-1.8,0.1,8189,200,300,100,1,4,2,-5,2,3,5,3,-3
Mfiondu Kabengele,PF,39,280,0.26,0.444,0.8,12,48,60,17,8,13,15,36,95,9.5,0.486,17.7,0.2,0.026,-4.3,-0.2,8209,200,225,70,2.5,2.5,2,-3.5,3.5,3.75,3.5,4.5,-3
Frank Kaminsky,C,47,715,0.365,0.531,0.617,36,152,188,79,14,17,22,70,310,15.8,0.547,19,2,0.133,1.3,0.6,8300,200,200,60,3,2,2,-3,4,4,3,5,-3
Luke Kennard,SG,63,1232,0.446,0.597,0.839,15,146,161,104,23,9,48,91,520,12.7,0.608,17.1,2.7,0.105,-0.2,0.6,8209,200,275,90,1.5,3.5,2,-4.5,2.5,3.25,4.5,3.5,-3
Louis King,SF,6,85,0.364,0.559,1,5,13,18,9,7,3,4,9,44,21.2,0.6,20.6,0.3,0.16,4.9,0.1,8189,200,250,80,2,3,2,-4,3,3.5,4,4,-3
Maxi Kleber,PF,50,1341,0.41,0.58,0.919,47,213,260,68,24,35,30,105,353,10.6,0.606,10.6,2.9,0.103,0,0.7,8096,200,225,70,2.5,2.5,2,-3.5,3.5,3.75,3.5,4.5,-3
Nathan Knight,PF,33,279,0.182,0.4,0.8,27,45,72,8,9,10,15,22,124,13.9,0.499,21.7,0.4,0.07,-3.7,-0.1,8186,200,225,70,2.5,2.5,2,-3.5,3.5,3.75,3.5,4.5,-3
Kevin Knox,SF,42,464,0.393,0.514,0.8,10,51,61,19,12,6,17,37,163,9.1,0.537,16.2,0.6,0.065,-1.4,0.1,7706,200,250,80,2,3,2,-4,3,3.5,4,4,-3
John Konchar,SG,43,575,0.375,0.576,0.833,35,93,128,47,30,9,18,40,184,14.8,0.608,12.4,1.7,0.145,1.2,0.5,8157,200,275,90,1.5,3.5,2,-4.5,2.5,3.25,4.5,3.5,-3
Furkan Korkmaz,SG,55,1062,0.375,0.52,0.732,17,96,113,82,49,9,46,64,501,12.8,0.544,20.5,2,0.092,-0.1,0.5,8182,200,275,90,1.5,3.5,2,-4.5,2.5,3.25,4.5,3.5,-3
Luke Kornet,C,31,348,0.254,0.51,0.5,14,53,67,24,4,32,7,20,106,13.3,0.511,13.7,0.7,0.095,0.8,0.3,8109,200,200,60,3,2,2,-3,4,4,3,5,-3
Rodions Kurucs,SF,21,125,0.286,0.438,0.75,5,18,23,10,9,4,13,16,31,6.3,0.459,15.9,-0.1,-0.041,-4.6,-0.1,7833,200,250,80,2,3,2,-4,3,3.5,4,4,-3
Kyle Kuzma,SF,68,1954,0.361,0.533,0.691,108,309,417,127,35,41,113,121,874,12.7,0.546,20.3,3.3,0.08,-0.4,0.8,7887,200,250,80,2,3,2,-4,3,3.5,4,4,-3
Anthony Lamb,SF,24,415,0.324,0.487,0.857,27,43,70,23,6,5,19,34,133,8.7,0.523,15,0.2,0.023,-6.1,-0.4,7833,200,250,80,2,3,2,-4,3,3.5,4,4,-3
Jeremy Lamb,SG,36,765,0.406,0.529,0.947,25,106,131,53,34,23,22,72,363,15.8,0.587,18.4,2.1,0.132,1.4,0.7,8302,200,275,90,1.5,3.5,2,-4.5,2.5,3.25,4.5,3.5,-3
Romeo Langford,SG,18,283,0.278,0.398,0.75,12,23,35,13,6,5,10,24,56,5.1,0.436,11.3,0,0.003,-4.6,-0.2,8109,200,275,90,1.5,3.5,2,-4.5,2.5,3.25,4.5,3.5,-3
Zach LaVine,SG,58,2034,0.419,0.596,0.849,36,253,289,282,46,27,203,138,1591,21.5,0.634,31,5.9,0.138,4,3.1,7969,200,275,90,1.5,3.5,2,-4.5,2.5,3.25,4.5,3.5,-3
Jake Layman,SF,45,627,0.295,0.557,0.703,13,54,67,28,29,19,26,44,231,11.4,0.577,15.1,0.7,0.051,-2.1,0,8073,200,250,80,2,3,2,-4,3,3.5,4,4,-3
T.J. Leaf,PF,7,35,0,0.5,1,0,5,5,1,2,1,2,1,12,11.2,0.551,15.8,0,0.022,-3,0,8360,200,225,70,2.5,2.5,2,-3.5,3.5,3.75,3.5,4.5,-3
Jalen Lecque,PG,4,12,0,0.111,1,2,3,5,2,0,0,0,0,5,4.7,0.242,36.6,-0.1,-0.232,-13,0,8302,200,300,100,1,4,2,-5,2,3,5,3,-3
Damion Lee,SG,57,1079,0.397,0.608,0.909,22,158,180,73,38,8,30,89,373,11.8,0.636,12.8,2.7,0.119,0.2,0.6,8187,200,275,90,1.5,3.5,2,-4.5,2.5,3.25,4.5,3.5,-3
Saben Lee,PG,48,781,0.348,0.49,0.685,20,77,97,174,32,13,55,76,267,13.8,0.536,17,1.5,0.091,-2,0,7676,200,300,100,1,4,2,-5,2,3,5,3,-3
Alex Len,C,64,979,0.32,0.629,0.629,78,182,260,49,20,64,55,127,423,16.4,0.643,16.3,2.7,0.133,-0.1,0.5,8398,200,200,60,3,2,2,-3,4,4,3,5,-3
Kawhi Leonard,SF,52,1773,0.398,0.568,0.885,55,282,337,269,81,21,105,82,1292,26,0.622,28.6,8.8,0.238,7.3,4.2,8209,200,250,80,2,3,2,-4,3,3.5,4,4,-3
Meyers Leonard,C,3,29,0.429,0.643,0.5,0,7,7,2,0,0,2,5,10,6.6,0.635,15.4,0,0.038,-3.7,0,7781,200,200,60,3,2,2,-3,4,4,3,5,-3
Caris LeVert,SG,47,1486,0.326,0.493,0.811,33,181,214,245,66,30,102,105,948,17.8,0.531,28.7,2.4,0.077,0.4,0.9,8302,200,275,90,1.5,3.5,2,-4.5,2.5,3.25,4.5,3.5,-3
Kira Lewis Jr.,PG,54,904,0.333,0.445,0.843,12,59,71,124,38,10,34,88,343,10.3,0.477,18.3,0.9,0.045,-3.4,-0.3,8251,200,300,100,1,4,2,-5,2,3,5,3,-3
Damian Lillard,PG,67,2398,0.391,0.554,0.928,32,251,283,505,62,17,203,102,1928,25.6,0.623,31.4,10.4,0.209,6.3,5,8360,200,300,100,1,4,2,-5,2,3,5,3,-3
Nassir Little,PF,48,640,0.35,0.551,0.8,32,96,128,23,5,13,18,51,220,11.6,0.589,13.8,1.1,0.082,-2.7,-0.1,8360,200,225,70,2.5,2.5,2,-3.5,3.5,3.75,3.5,4.5,-3
Kevon Looney,C,61,1161,0.235,0.558,0.646,117,205,322,119,21,22,37,136,251,11.9,0.575,9.4,3.4,0.139,-0.9,0.3,8187,200,200,60,3,2,2,-3,4,4,3,5,-3
Brook Lopez,C,70,1902,0.338,0.577,0.845,104,243,347,50,40,103,64,149,859,15.4,0.611,16.9,5.3,0.133,0,0.9,8649,200,200,60,3,2,2,-3,4,4,3,5,-3
Robin Lopez,C,71,1354,0.278,0.639,0.723,141,131,272,55,15,44,75,109,642,16.7,0.661,17.1,3.7,0.131,-1,0.4,8398,200,200,60,3,2,2,-3,4,4,3,5,-3
Didi Louzada,SF,3,56,0.25,0.308,0,1,2,3,3,2,0,3,5,8,-0.9,0.308,12,-0.1,-0.099,-9.6,-0.1,8251,200,250,80,2,3,2,-4,3,3.5,4,4,-3
Kevin Love,PF,25,622,0.365,0.522,0.824,17,169,186,63,16,2,38,26,305,15.1,0.556,21.9,0.9,0.073,-0.1,0.3,7476,200,225,70,2.5,2.5,2,-3.5,3.5,3.75,3.5,4.5,-3
Kyle Lowry,PG,46,1601,0.396,0.546,0.875,35,212,247,338,45,14,126,143,791,16.5,0.593,21.4,4.1,0.124,1.6,1.5,8011,200,300,100,1,4,2,-5,2,3,5,3,-3
Timothé Luwawu-Cabarrot,SF,58,1050,0.314,0.471,0.814,28,101,129,69,33,6,43,99,370,7.8,0.493,17.4,0.3,0.015,-4.4,-0.6,8537,200,250,80,2,3,2,-4,3,3.5,4,4,-3
Trey Lyles,PF,23,358,0.35,0.556,0.652,9,77,86,14,6,1,6,13,115,11.4,0.574,12.9,0.6,0.085,-1.8,0,7998,200,225,70,2.5,2.5,2,-3.5,3.5,3.75,3.5,4.5,-3
Will Magnay,C,1,3,0,0,0,0,0,0,0,0,0,1,1,0,-35.1,0,28,0,-0.787,-39.3,0,8251,200,200,60,3,2,2,-3,4,4,3,5,-3
Thon Maker,C,8,76,0,0.556,0.909,8,10,18,4,2,4,3,7,30,18.6,0.657,14.8,0.3,0.174,0.7,0.1,7476,200,200,60,3,2,2,-3,4,4,3,5,-3
Théo Maledon,PG,65,1778,0.335,0.454,0.748,25,186,211,227,56,11,141,126,658,8.2,0.489,19.4,-0.8,-0.021,-5,-1.3,7560,200,300,100,1,4,2,-5,2,3,5,3,-3
Karim Mané,PG,10,88,0.5,0.269,0.8,1,13,14,4,0,2,3,10,11,1.3,0.362,8.9,-0.1,-0.045,-9.9,-0.2,7488,200,300,100,1,4,2,-5,2,3,5,3,-3
Terance Mann,SG,67,1263,0.418,0.563,0.83,56,186,242,104,29,13,40,126,472,13.8,0.603,15.1,3.7,0.141,-0.2,0.6,8209,200,275,90,1.5,3.5,2,-4.5,2.5,3.25,4.5,3.5,-3
Nico Mannion,PG,30,364,0.367,0.439,0.821,6,40,46,70,16,1,31,29,123,9.3,0.487,18.5,0.2,0.029,-3.9,-0.2,8187,200,300,100,1,4,2,-5,2,3,5,3,-3
Boban Marjanović,C,33,271,0.125,0.512,0.816,47,81,128,10,2,6,12,29,156,22.6,0.562,24.6,1,0.183,-0.8,0.1,8096,200,200,60,3,2,2,-3,4,4,3,5,-3
Lauri Markkanen,PF,51,1317,0.402,0.594,0.826,35,233,268,45,26,15,52,75,695,15.2,0.619,20.2,3,0.109,0.1,0.7,7969,200,225,70,2.5,2.5,2,-3.5,3.5,3.75,3.5,4.5,-3
Naji Marshall,SF,32,700,0.349,0.462,0.707,15,133,148,88,26,10,38,58,246,11.4,0.508,16.8,0.9,0.061,-1.3,0.1,8251,200,250,80,2,3,2,-4,3,3.5,4,4,-3
Caleb Martin,SF,53,818,0.248,0.436,0.641,31,110,141,67,37,12,33,62,264,9.5,0.465,16.7,0.5,0.03,-3.4,-0.3,7881,200,250,80,2,3,2,-4,3,3.5,4,4,-3
Cody Martin,SF,52,849,0.276,0.484,0.581,52,109,161,86,37,12,40,52,207,10.6,0.5,12.5,1.1,0.061,-2,0,7881,200,250,80,2,3,2,-4,3,3.5,4,4,-3
Jeremiah Martin,PG,9,75,0.25,0.318,0.2,2,5,7,4,5,2,6,1,22,1.4,0.313,23.9,-0.3,-0.207,-9.5,-0.1,7476,200,300,100,1,4,2,-5,2,3,5,3,-3
Kelan Martin,SF,35,322,0.4,0.536,0.9,18,60,78,17,10,10,16,35,157,13.9,0.551,20.9,0.4,0.066,-2.4,0,8302,200,250,80,2,3,2,-4,3,3.5,4,4,-3
Kenyon Martin Jr.,SF,45,1068,0.365,0.564,0.714,73,169,242,48,30,41,38,89,419,14.6,0.59,15.6,2.2,0.099,-1.8,0,7833,200,250,80,2,3,2,-4,3,3.5,4,4,-3
Frank Mason III,PG,4,79,0.4,0.417,0.714,3,9,12,12,0,0,5,7,25,7.5,0.462,17.5,0,-0.018,-7.7,-0.1,7488,200,300,100,1,4,2,-5,2,3,5,3,-3
Garrison Mathews,SG,64,1038,0.384,0.57,0.884,16,71,87,26,29,7,10,106,354,9.7,0.635,11.5,2.3,0.108,-1.8,0.1,8398,200,275,90,1.5,3.5,2,-4.5,2.5,3.25,4.5,3.5,-3
Dakota Mathias,SG,8,123,0.308,0.479,0.333,1,6,7,13,1,3,1,7,48,9.8,0.474,18.1,0.2,0.061,-2.6,0,8182,200,275,90,1.5,3.5,2,-4.5,2.5,3.25,4.5,3.5,-3
Wesley Matthews,SG,58,1130,0.335,0.484,0.854,20,73,93,54,38,17,26,80,279,7.2,0.517,11.4,1.7,0.073,-1.7,0.1,7887,200,275,90,1.5,3.5,2,-4.5,2.5,3.25,4.5,3.5,-3
Tyrese Maxey,SG,61,935,0.301,0.498,0.871,11,93,104,120,26,13,41,79,488,14.5,0.531,23,1.9,0.099,-1.5,0.1,8182,200,275,90,1.5,3.5,2,-4.5,2.5,3.25,4.5,3.5,-3
Skylar Mays,SG,33,269,0.35,0.52,0.88,10,25,35,30,14,2,9,15,124,16.8,0.569,19.1,0.8,0.14,1.9,0.3,8186,200,275,90,1.5,3.5,2,-4.5,2.5,3.25,4.5,3.5,-3
Patrick McCaw,SF,5,33,0,1,1,1,2,3,4,2,0,0,6,5,12,1.078,3,0.1,0.209,0.9,0,8011,200,250,80,2,3,2,-4,3,3.5,4,4,-3
CJ McCollum,SG,47,1600,0.402,0.554,0.812,30,155,185,223,44,21,65,87,1087,20.8,0.577,27.1,4.7,0.141,3.9,2.4,8360,200,275,90,1.5,3.5,2,-4.5,2.5,3.25,4.5,3.5,-3
T.J. McConnell,PG,69,1796,0.313,0.574,0.688,55,201,256,456,128,23,135,113,596,16.9,0.583,15.3,4.8,0.128,1.4,1.5,8302,200,300,100,1,4,2,-5,2,3,5,3,-3
Jaden McDaniels,PF,63,1511,0.364,0.545,0.6,52,180,232,71,35,60,47,172,427,8.9,0.552,12,1.4,0.046,-3.5,-0.6,8073,200,225,70,2.5,2.5,2,-3.5,3.5,3.75,3.5,4.5,-3
Jalen McDaniels,SF,47,904,0.333,0.53,0.703,45,124,169,53,28,19,45,95,346,11.4,0.554,17,1.2,0.062,-3.2,-0.3,7881,200,250,80,2,3,2,-4,3,3.5,4,4,-3
Doug McDermott,PF,66,1619,0.388,0.616,0.816,60,161,221,85,20,6,53,117,899,15.6,0.635,20,3.8,0.112,-0.6,0.6,8302,200,225,70,2.5,2.5,2,-3.5,3.5,3.75,3.5,4.5,-3
Sean McDermott,SF,18,158,0.227,0.47,1,6,13,19,4,2,3,4,8,39,7.2,0.534,10.8,0.2,0.05,-4.3,-0.1,8157,200,250,80,2,3,2,-4,3,3.5,4,4,-3
JaVale McGee,C,46,678,0.208,0.52,0.657,77,162,239,39,19,54,60,121,337,17,0.541,23.9,1,0.068,-2.5,-0.1,7476,200,200,60,3,2,2,-3,4,4,3,5,-3
Rodney McGruder,SG,16,194,0.458,0.607,0.75,8,14,22,16,8,1,7,12,91,16.1,0.619,18.1,0.5,0.121,0.7,0.1,7676,200,275,90,1.5,3.5,2,-4.5,2.5,3.25,4.5,3.5,-3
Alfonzo McKinnie,SF,39,258,0.41,0.602,0.556,22,32,54,6,7,0,5,26,122,15.5,0.604,17.8,0.8,0.156,-0.4,0.1,7887,200,250,80,2,3,2,-4,3,3.5,4,4,-3
Jordan McLaughlin,PG,51,938,0.359,0.481,0.767,21,87,108,193,51,6,51,44,256,12,0.502,13.7,1.2,0.062,-1.7,0.1,8073,200,300,100,1,4,2,-5,2,3,5,3,-3
Ben McLemore,SG,53,905,0.346,0.503,0.736,15,85,100,39,23,9,42,88,406,8.5,0.523,20.4,0.2,0.013,-3.9,-0.4,7833,200,275,90,1.5,3.5,2,-4.5,2.5,3.25,4.5,3.5,-3
Nicolò Melli,PF,45,566,0.271,0.408,0.76,29,93,122,44,14,3,12,58,134,7.9,0.441,12.5,0.6,0.048,-3.5,-0.2,8096,200,225,70,2.5,2.5,2,-3.5,3.5,3.75,3.5,4.5,-3
De'Anthony Melton,PG,52,1045,0.412,0.548,0.804,30,131,161,132,60,31,66,85,472,15.2,0.568,19.5,2.2,0.103,2.3,1.1,8157,200,300,100,1,4,2,-5,2,3,5,3,-3
Sam Merrill,SG,30,233,0.447,0.59,1,6,24,30,21,8,1,10,17,89,11.9,0.603,15,0.5,0.102,-1,0.1,8649,200,275,90,1.5,3.5,2,-4.5,2.5,3.25,4.5,3.5,-3
Chimezie Metu,C,36,488,0.351,0.545,0.721,31,81,112,28,14,18,29,59,226,14.5,0.571,20,0.6,0.061,-3.6,-0.2,8189,200,200,60,3,2,2,-3,4,4,3,5,-3
Khris Middleton,SF,68,2269,0.414,0.546,0.898,54,352,406,370,74,9,178,160,1385,18.2,0.588,25,6.4,0.135,1.3,1.9,8649,200,250,80,2,3,2,-4,3,3.5,4,4,-3
Darius Miller,SF,18,197,0.405,0.635,1,2,22,24,21,13,5,8,13,73,15.9,0.685,13.2,0.6,0.156,3.6,0.3,7560,200,250,80,2,3,2,-4,3,3.5,4,4,-3
Patty Mills,PG,68,1685,0.375,0.544,0.91,18,98,116,162,42,3,66,81,736,11.8,0.57,18.4,2.2,0.062,-1.2,0.4,7998,200,300,100,1,4,2,-5,2,3,5,3,-3
Paul Millsap,PF,56,1162,0.343,0.537,0.724,76,186,262,98,51,36,51,111,502,16.4,0.565,18.6,3.2,0.133,1,0.9,8284,200,225,70,2.5,2.5,2,-3.5,3.5,3.75,3.5,4.5,-3
Shake Milton,SG,63,1461,0.35,0.503,0.83,33,115,148,193,39,18,103,130,817,14.6,0.549,24.9,2.8,0.091,-1.6,0.1,8182,200,275,90,1.5,3.5,2,-4.5,2.5,3.25,4.5,3.5,-3
Donovan Mitchell,PG,53,1771,0.386,0.52,0.845,50,185,235,277,52,15,147,117,1401,21.3,0.569,33.5,6.2,0.167,4.3,2.8,8382,200,300,100,1,4,2,-5,2,3,5,3,-3
Adam Mokoka,SG,14,56,0.1,0.395,0,1,4,5,5,2,1,5,5,15,2.2,0.386,18.9,-0.1,-0.112,-9.3,-0.1,7969,200,275,90,1.5,3.5,2,-4.5,2.5,3.25,4.5,3.5,-3
Malik Monk,SG,42,878,0.401,0.54,0.819,14,87,101,87,19,4,55,47,490,13.6,0.569,23.8,1,0.054,-1.8,0,7881,200,275,90,1.5,3.5,2,-4.5,2.5,3.25,4.5,3.5,-3
E'Twaun Moore,SG,27,389,0.314,0.5,0.857,14,31,45,40,15,5,23,32,133,10.4,0.523,17.2,0.4,0.049,-2.9,-0.1,8300,200,275,90,1.5,3.5,2,-4.5,2.5,3.25,4.5,3.5,-3
Ja Morant,PG,63,2053,0.303,0.487,0.728,59,193,252,465,57,13,203,87,1204,16.7,0.537,27.2,3.2,0.074,-0.4,0.8,8157,200,300,100,1,4,2,-5,2,3,5,3,-3
Juwan Morgan,PF,29,147,0.308,0.533,0.429,9,19,28,9,4,1,4,21,35,8.5,0.529,10.9,0.3,0.105,-2.3,0,8382,200,225,70,2.5,2.5,2,-3.5,3.5,3.75,3.5,4.5,-3
Marcus Morris,PF,57,1502,0.473,0.592,0.82,35,199,234,58,34,15,57,117,765,14.5,0.614,20.1,3.6,0.115,0,0.8,8209,200,225,70,2.5,2.5,2,-3.5,3.5,3.75,3.5,4.5,-3
Markieff Morris,PF,61,1200,0.311,0.491,0.72,48,218,266,73,22,19,54,105,407,9.3,0.509,16.4,1.6,0.062,-2.6,-0.2,7887,200,225,70,2.5,2.5,2,-3.5,3.5,3.75,3.5,4.5,-3
Monte Morris,PG,47,1196,0.381,0.547,0.795,11,85,96,150,34,13,34,48,481,14,0.574,16.5,2.9,0.115,-0.3,0.5,8284,200,300,100,1,4,2,-5,2,3,5,3,-3
Mychal Mulder,PG,60,766,0.397,0.609,0.636,8,52,60,26,12,12,16,56,337,10.8,0.613,16.2,1.2,0.075,-1.8,0,8187,200,300,100,1,4,2,-5,2,3,5,3,-3
Dejounte Murray,PG,67,2139,0.317,0.485,0.791,58,415,473,363,101,7,117,135,1051,16.5,0.509,23.4,3.3,0.074,0.8,1.5,7998,200,300,100,1,4,2,-5,2,3,5,3,-3
Jamal Murray,PG,48,1704,0.408,0.559,0.869,37,157,194,231,64,13,108,95,1018,18.3,0.592,24.8,4.6,0.129,2,1.7,8284,200,300,100,1,4,2,-5,2,3,5,3,-3
Mike Muscala,C,35,645,0.37,0.573,0.917,19,113,132,28,8,11,21,54,339,14.7,0.599,20,1.3,0.096,-0.1,0.3,7560,200,200,60,3,2,2,-3,4,4,3,5,-3
Svi Mykhailiuk,SF,66,1324,0.334,0.515,0.76,24,139,163,110,51,12,88,63,559,10.4,0.529,20,0.3,0.01,-2.6,-0.2,7676,200,250,80,2,3,2,-4,3,3.5,4,4,-3
Abdel Nader,SF,24,355,0.419,0.569,0.757,7,55,62,19,10,9,19,34,160,13.4,0.605,19,0.7,0.095,0,0.2,8300,200,250,80,2,3,2,-4,3,3.5,4,4,-3
Larry Nance Jr.,PF,35,1091,0.36,0.546,0.612,54,181,235,107,61,17,55,72,327,13.2,0.557,13.9,1.8,0.08,0.4,0.7,7476,200,225,70,2.5,2.5,2,-3.5,3.5,3.75,3.5,4.5,-3
Aaron Nesmith,SF,46,669,0.37,0.551,0.786,28,99,127,23,15,9,23,87,218,9.4,0.573,13.7,1.1,0.076,-3.2,-0.2,8109,200,250,80,2,3,2,-4,3,3.5,4,4,-3
Raul Neto,PG,64,1403,0.39,0.539,0.882,28,128,156,146,73,6,53,109,557,13,0.575,15.8,2.8,0.097,-0.6,0.5,8398,200,300,100,1,4,2,-5,2,3,5,3,-3
Georges Niang,PF,72,1154,0.425,0.59,0.957,28,148,176,59,25,8,51,116,500,11.4,0.602,17.4,2.6,0.108,-0.3,0.5,8382,200,225,70,2.5,2.5,2,-3.5,3.5,3.75,3.5,4.5,-3
Zeke Nnaji,PF,42,397,0.407,0.596,0.8,14,51,65,10,8,4,7,29,136,11.3,0.615,12.9,0.9,0.104,-1.7,0,8284,200,225,70,2.5,2.5,2,-3.5,3.5,3.75,3.5,4.5,-3
Nerlens Noel,C,64,1547,0,0.614,0.714,142,266,408,46,70,141,65,176,324,14.8,0.638,9.2,5.2,0.162,1.4,1.3,7706,200,200,60,3,2,2,-3,4,4,3,5,-3
Jaylen Nowell,SG,42,759,0.333,0.499,0.818,19,76,95,62,22,12,28,72,379,12.3,0.528,21.4,0.7,0.044,-2.8,-0.2,8073,200,275,90,1.5,3.5,2,-4.5,2.5,3.25,4.5,3.5,-3
Frank Ntilikina,PG,33,322,0.479,0.513,0.444,6,25,31,19,18,4,11,45,89,7.7,0.512,13.6,0.5,0.07,-1.7,0,7706,200,300,100,1,4,2,-5,2,3,5,3,-3
Kendrick Nunn,PG,56,1650,0.381,0.578,0.933,21,158,179,148,52,14,80,108,816,14.2,0.596,20.9,2.9,0.084,-0.5,0.6,7781,200,300,100,1,4,2,-5,2,3,5,3,-3
James Nunnally,SF,9,48,0.333,0.538,0.5,2,7,9,3,0,0,2,1,15,8.3,0.54,13.9,0,0.031,-2.7,0,8251,200,250,80,2,3,2,-4,3,3.5,4,4,-3
Jusuf Nurkić,C,37,880,0.4,0.532,0.619,86,246,332,125,38,39,73,103,424,20.5,0.554,22.3,2.4,0.133,2.5,1,8360,200,200,60,3,2,2,-3,4,4,3,5,-3
David Nwaba,SF,30,679,0.27,0.525,0.691,40,78,118,31,30,21,17,60,276,14.4,0.557,16.6,1.3,0.094,-0.8,0.2,7833,200,250,80,2,3,2,-4,3,3.5,4,4,-3
Jordan Nwora,SF,30,274,0.452,0.563,0.76,9,51,60,7,16,7,24,22,171,16.1,0.586,26,0.4,0.068,-1.1,0.1,8649,200,250,80,2,3,2,-4,3,3.5,4,4,-3
Royce O'Neale,SF,71,2241,0.385,0.58,0.848,88,397,485,181,57,32,83,182,496,9.9,0.599,9.6,5.6,0.121,1,1.7,8382,200,250,80,2,3,2,-4,3,3.5,4,4,-3
Semi Ojeleye,PF,56,950,0.367,0.534,0.75,31,116,147,37,17,0,21,56,260,8.3,0.553,11.6,1.2,0.063,-2.4,-0.1,8109,200,225,70,2.5,2.5,2,-3.5,3.5,3.75,3.5,4.5,-3
Jahlil Okafor,C,27,347,0.222,0.627,0.708,23,43,66,13,6,5,21,39,145,13.1,0.644,16.8,0.6,0.082,-3.2,-0.1,7676,200,200,60,3,2,2,-3,4,4,3,5,-3
Chuma Okeke,PF,45,1133,0.348,0.492,0.75,42,139,181,101,48,22,38,48,349,11.8,0.511,14.5,1.3,0.056,-1.5,0.1,7488,200,225,70,2.5,2.5,2,-3.5,3.5,3.75,3.5,4.5,-3
Josh Okogie,SG,59,1197,0.269,0.459,0.769,63,93,156,63,54,28,43,123,316,9.1,0.524,12.1,1.3,0.051,-3.3,-0.4,8073,200,275,90,1.5,3.5,2,-4.5,2.5,3.25,4.5,3.5,-3
Onyeka Okongwu,C,50,601,0,0.644,0.632,62,101,163,18,23,33,29,100,228,16.8,0.655,14.7,1.9,0.155,-1.4,0.1,8186,200,200,60,3,2,2,-3,4,4,3,5,-3
Isaac Okoro,SG,67,2173,0.29,0.476,0.726,68,138,206,128,62,24,86,185,646,7.9,0.514,14.3,0.9,0.02,-5.1,-1.7,7476,200,275,90,1.5,3.5,2,-4.5,2.5,3.25,4.5,3.5,-3
KZ Okpala,PF,37,447,0.24,0.438,0.533,21,47,68,19,10,11,15,59,92,5.2,0.448,11.9,0.1,0.015,-7.1,-0.6,7781,200,225,70,2.5,2.5,2,-3.5,3.5,3.75,3.5,4.5,-3
Victor Oladipo,SG,33,1080,0.326,0.476,0.754,12,148,160,151,46,14,83,81,652,14.3,0.512,28.5,0.4,0.017,-1.7,0.1,7833,200,275,90,1.5,3.5,2,-4.5,2.5,3.25,4.5,3.5,-3
Cameron Oliver,SF,4,87,0.308,0.636,0.25,5,16,21,5,2,4,3,11,43,17.2,0.619,18.5,0.2,0.114,-2,0,7833,200,250,80,2,3,2,-4,3,3.5,4,4,-3
Kelly Olynyk,C,70,1997,0.342,0.574,0.829,87,402,489,203,79,42,126,207,945,16.4,0.61,19.7,5.1,0.121,1.2,1.6,7781,200,200,60,3,2,2,-3,4,4,3,5,-3
Miye Oni,SG,54,519,0.341,0.505,0.833,23,61,84,28,11,8,16,61,105,6.4,0.517,9.8,0.9,0.081,-1.7,0,8382,200,275,90,1.5,3.5,2,-4.5,2.5,3.25,4.5,3.5,-3
Cedi Osman,SF,59,1510,0.306,0.458,0.8,38,163,201,174,53,9,80,119,613,10.3,0.488,20.4,0.5,0.014,-3.2,-0.5,7476,200,250,80,2,3,2,-4,3,3.5,4,4,-3
Daniel Oturu,C,30,161,0.2,0.433,0.75,21,27,48,10,4,7,9,24,54,12.5,0.471,18.2,0.3,0.081,-5.2,-0.1,8209,200,200,60,3,2,2,-3,4,4,3,5,-3
Kelly Oubre Jr.,SF,55,1687,0.316,0.501,0.695,82,247,329,73,57,42,70,121,849,13.3,0.529,22.1,2.2,0.062,-1.9,0,8187,200,250,80,2,3,2,-4,3,3.5,4,4,-3
Jabari Parker,PF,13,165,0.182,0.564,0.769,10,32,42,11,1,5,10,13,72,14.7,0.593,18.5,0.3,0.089,-0.9,0,8109,200,225,70,2.5,2.5,2,-3.5,3.5,3.75,3.5,4.5,-3
Eric Paschall,PF,40,695,0.333,0.527,0.713,28,100,128,51,12,7,43,68,381,13.4,0.561,23.5,0.9,0.062,-2.7,-0.1,8187,200,225,70,2.5,2.5,2,-3.5,3.5,3.75,3.5,4.5,-3
Anžejs Pasečņiks,C,1,6,0,0,0,1,0,1,1,0,0,5,2,0,-40.6,0,41.4,-0.1,-1.113,-46.6,-0.1,8398,200,200,60,3,2,2,-3,4,4,3,5,-3
Patrick Patterson,PF,38,582,0.357,0.558,0.765,19,56,75,29,14,8,11,45,197,10.9,0.571,14,1.2,0.101,-0.6,0.2,8209,200,225,70,2.5,2.5,2,-3.5,3.5,3.75,3.5,4.5,-3
Justin Patton,C,13,247,0.265,0.479,0.75,14,35,49,14,12,14,4,34,70,11.6,0.488,13,0.4,0.076,-2.2,0,7833,200,200,60,3,2,2,-3,4,4,3,5,-3
Chris Paul,PG,70,2199,0.395,0.557,0.934,25,287,312,622,99,19,156,166,1149,21.4,0.599,22.6,9.2,0.201,4.6,3.6,8300,200,300,100,1,4,2,-5,2,3,5,3,-3
Cameron Payne,PG,60,1079,0.44,0.576,0.893,16,128,144,217,36,16,60,97,505,17.4,0.602,19.8,3.6,0.158,3.1,1.4,8300,200,300,100,1,4,2,-5,2,3,5,3,-3
Elfrid Payton,PG,63,1484,0.286,0.455,0.682,64,152,216,203,47,9,103,116,639,11.7,0.478,23.2,1,0.032,-3,-0.4,7706,200,300,100,1,4,2,-5,2,3,5,3,-3
Gary Payton II,PG,10,40,0.5,0.846,0.75,2,9,11,1,6,1,1,8,25,29.2,0.847,16.8,0.3,0.331,9.2,0.1,8187,200,300,100,1,4,2,-5,2,3,5,3,-3
Norvel Pelle,C,13,84,0,0.533,0.667,6,13,19,2,1,9,3,14,20,11.6,0.567,10.8,0.2,0.112,-2.6,0,7706,200,200,60,3,2,2,-3,4,4,3,5,-3
Reggie Perry,PF,26,211,0.19,0.436,0.769,27,46,73,14,6,6,15,40,78,11,0.466,20.4,0.2,0.04,-6.7,-0.2,8537,200,225,70,2.5,2.5,2,-3.5,3.5,3.75,3.5,4.5,-3
Theo Pinson,SG,17,34,0,0.111,0,0,5,5,1,0,0,1,4,2,-8.1,0.111,13.1,-0.1,-0.205,-15.7,-0.1,7706,200,275,90,1.5,3.5,2,-4.5,2.5,3.25,4.5,3.5,-3
Mason Plumlee,C,56,1499,0,0.614,0.669,145,374,519,202,43,50,105,186,581,18.7,0.638,16.3,5.1,0.164,2.2,1.6,7676,200,200,60,3,2,2,-3,4,4,3,5,-3
Jakob Poeltl,C,69,1845,0,0.616,0.508,219,328,547,134,47,123,83,172,593,17.5,0.612,13.4,5.7,0.148,0.8,1.3,7998,200,200,60,3,2,2,-3,4,4,3,5,-3
Vincent Poirier,C,10,39,0,0.25,0.333,6,8,14,2,0,3,4,8,8,1.6,0.273,20.6,-0.1,-0.127,-14.8,-0.1,8182,200,200,60,3,2,2,-3,4,4,3,5,-3
Aleksej Pokusevski,PF,45,1090,0.28,0.412,0.738,30,182,212,97,20,42,99,58,367,6.1,0.43,20.5,-1.9,-0.084,-6.1,-1.1,7560,200,225,70,2.5,2.5,2,-3.5,3.5,3.75,3.5,4.5,-3
Jordan Poole,SG,51,988,0.351,0.535,0.882,15,77,92,99,26,9,51,86,612,15.1,0.581,25,1.9,0.094,-0.5,0.4,8187,200,275,90,1.5,3.5,2,-4.5,2.5,3.25,4.5,3.5,-3
Jontay Porter,PF,11,54,0.375,0.633,0.6,4,10,14,1,3,1,7,12,22,9.2,0.64,18.9,0,0.019,-6.5,-0.1,8157,200,225,70,2.5,2.5,2,-3.5,3.5,3.75,3.5,4.5,-3
Kevin Porter Jr.,SG,26,835,0.311,0.493,0.734,20,79,99,164,19,8,91,61,431,12.5,0.528,25.4,0,0,-3.5,-0.3,7833,200,275,90,1.5,3.5,2,-4.5,2.5,3.25,4.5,3.5,-3
Michael Porter Jr.,SF,61,1912,0.445,0.646,0.791,91,354,445,70,40,54,77,126,1162,20.6,0.663,21.7,6.9,0.173,3.1,2.5,8284,200,250,80,2,3,2,-4,3,3.5,4,4,-3
Otto Porter Jr.,SF,28,606,0.375,0.518,0.857,28,124,152,55,16,4,25,41,271,14.5,0.552,19.3,1.3,0.101,0,0.3,7969,200,250,80,2,3,2,-4,3,3.5,4,4,-3
Bobby Portis,C,66,1372,0.471,0.585,0.74,124,342,466,71,52,26,56,115,754,19.9,0.598,20.9,4.8,0.167,1.5,1.2,8649,200,200,60,3,2,2,-3,4,4,3,5,-3
Kristaps Porziņģis,C,43,1327,0.376,0.547,0.855,82,299,381,68,20,58,51,115,865,21.3,0.582,26.5,4.3,0.154,2.2,1.4,8096,200,200,60,3,2,2,-3,4,4,3,5,-3
Dwight Powell,C,58,966,0.238,0.631,0.782,80,154,234,63,36,30,40,135,342,16.8,0.688,13.2,3.8,0.188,0.6,0.6,8096,200,200,60,3,2,2,-3,4,4,3,5,-3
Norman Powell,SG,69,2205,0.411,0.57,0.871,42,173,215,129,82,18,119,160,1283,16.2,0.618,22.6,4.7,0.103,0.4,1.3,8011,200,275,90,1.5,3.5,2,-4.5,2.5,3.25,4.5,3.5,-3
Taurean Prince,PF,41,905,0.4,0.495,0.855,19,123,142,76,28,23,47,75,389,12.1,0.54,19.6,1,0.052,-1.8,0,7476,200,225,70,2.5,2.5,2,-3.5,3.5,3.75,3.5,4.5,-3
Payton Pritchard,SG,66,1268,0.411,0.562,0.889,33,125,158,120,37,9,53,104,510,12.4,0.582,16.7,2.5,0.095,-0.7,0.4,8109,200,275,90,1.5,3.5,2,-4.5,2.5,3.25,4.5,3.5,-3
Immanuel Quickley,PG,64,1243,0.389,0.497,0.891,25,112,137,127,30,12,58,114,731,15.8,0.557,25.6,3.2,0.125,0.9,0.9,7706,200,300,100,1,4,2,-5,2,3,5,3,-3
Jahmi'us Ramsey,SG,13,94,0.263,0.461,1,2,8,10,6,4,1,3,8,40,10.5,0.498,19.8,0,0.012,-4.5,-0.1,8189,200,275,90,1.5,3.5,2,-4.5,2.5,3.25,4.5,3.5,-3
Chasson Randle,PG,41,837,0.338,0.481,0.792,7,75,82,74,22,5,46,64,266,7.4,0.515,15.7,0,-0.001,-5.9,-0.8,7488,200,300,100,1,4,2,-5,2,3,5,3,-3
Julius Randle,PF,71,2667,0.411,0.516,0.811,84,639,723,427,64,18,241,225,1712,19.7,0.567,29.3,7.8,0.14,3.8,3.9,7706,200,225,70,2.5,2.5,2,-3.5,3.5,3.75,3.5,4.5,-3
Cam Reddish,SF,26,750,0.262,0.428,0.817,22,82,104,35,33,9,34,68,292,9.3,0.488,19.3,0.4,0.026,-3.2,-0.2,8186,200,250,80,2,3,2,-4,3,3.5,4,4,-3
J.J. Redick,SG,44,723,0.371,0.521,0.942,4,60,64,51,11,3,36,50,327,9.9,0.564,19.2,0.7,0.045,-3.5,-0.3,8251,200,275,90,1.5,3.5,2,-4.5,2.5,3.25,4.5,3.5,-3
Paul Reed,PF,26,177,0,0.538,0.5,30,31,61,12,10,13,12,29,88,21.2,0.54,22.7,0.6,0.162,-1,0,8182,200,225,70,2.5,2.5,2,-3.5,3.5,3.75,3.5,4.5,-3
Naz Reid,C,70,1347,0.351,0.576,0.693,82,240,322,72,34,76,69,179,784,18.2,0.599,22.5,3.2,0.113,-0.2,0.6,8073,200,200,60,3,2,2,-3,4,4,3,5,-3
Cameron Reynolds,SF,5,40,0.25,0.417,0,2,3,5,2,0,0,0,2,15,6.5,0.417,19.2,0,-0.039,-8.1,-0.1,7998,200,250,80,2,3,2,-4,3,3.5,4,4,-3
Nick Richards,PF,18,63,0,0.444,0.636,4,7,11,2,0,0,3,7,15,5.5,0.542,11.5,0,0.026,-8,-0.1,7881,200,225,70,2.5,2.5,2,-3.5,3.5,3.75,3.5,4.5,-3
Josh Richardson,SG,59,1790,0.33,0.498,0.917,51,144,195,153,61,24,79,130,715,11.9,0.537,18.4,2.4,0.066,-1.7,0.1,8096,200,275,90,1.5,3.5,2,-4.5,2.5,3.25,4.5,3.5,-3
Grant Riller,PG,7,27,0.5,0.75,0,0,1,1,3,1,0,1,0,18,23.6,0.75,20.7,0.1,0.177,5.1,0,7881,200,300,100,1,4,2,-5,2,3,5,3,-3
Austin Rivers,SG,36,845,0.369,0.537,0.71,8,74,82,81,30,2,36,64,285,9.9,0.551,15.4,1.3,0.072,-1.9,0,7706,200,275,90,1.5,3.5,2,-4.5,2.5,3.25,4.5,3.5,-3
Andre Roberson,SG,5,63,0.125,0.179,0.5,7,8,15,4,3,1,2,4,6,4.2,0.202,11.7,-0.1,-0.043,-6.1,-0.1,8537,200,275,90,1.5,3.5,2,-4.5,2.5,3.25,4.5,3.5,-3
Duncan Robinson,SF,72,2262,0.408,0.614,0.827,7,243,250,127,43,20,81,181,942,11,0.628,16.6,3.7,0.079,-1,0.6,7781,200,250,80,2,3,2,-4,3,3.5,4,4,-3
Glenn Robinson III,SF,23,369,0.364,0.505,0.913,11,34,45,20,4,3,11,23,121,9,0.554,14,0.3,0.033,-4,-0.2,8189,200,250,80,2,3,2,-4,3,3.5,4,4,-3
Jerome Robinson,SG,17,305,0.262,0.353,0.8,4,34,38,25,12,6,19,31,83,4.1,0.4,16.7,-0.4,-0.057,-7,-0.4,8398,200,275,90,1.5,3.5,2,-4.5,2.5,3.25,4.5,3.5,-3
Justin Robinson,PG,9,88,0.286,0.429,0.6,1,6,7,9,3,0,2,10,21,6,0.453,12.2,0,0.021,-6.8,-0.1,7560,200,300,100,1,4,2,-5,2,3,5,3,-3
Mitchell Robinson,C,31,853,0,0.653,0.491,113,139,252,17,35,45,26,86,256,17.7,0.642,11.8,3.4,0.192,1.2,0.7,7706,200,200,60,3,2,2,-3,4,4,3,5,-3
Isaiah Roby,PF,61,1425,0.294,0.52,0.744,89,252,341,107,52,37,113,162,533,11.9,0.555,17.7,1.3,0.043,-3.3,-0.5,7560,200,225,70,2.5,2.5,2,-3.5,3.5,3.75,3.5,4.5,-3
Rajon Rondo,PG,45,770,0.404,0.526,0.941,18,92,110,199,37,4,79,53,242,13.2,0.544,17.2,1.3,0.081,-0.2,0.4,8186,200,300,100,1,4,2,-5,2,3,5,3,-3
Derrick Rose,PG,50,1279,0.388,0.511,0.866,20,110,130,209,49,19,78,56,734,18.3,0.55,25.8,3.1,0.118,1.9,1.3,7706,200,300,100,1,4,2,-5,2,3,5,3,-3
Terrence Ross,SG,46,1347,0.337,0.485,0.87,15,143,158,108,47,21,74,88,717,13.2,0.53,24.1,0.9,0.03,-2.3,-0.1,7488,200,275,90,1.5,3.5,2,-4.5,2.5,3.25,4.5,3.5,-3
Terry Rozier,SG,69,2383,0.389,0.548,0.817,47,255,302,293,87,26,128,119,1407,17.1,0.575,24.4,5.2,0.105,1.6,2.2,7881,200,275,90,1.5,3.5,2,-4.5,2.5,3.25,4.5,3.5,-3
Ricky Rubio,PG,68,1772,0.308,0.454,0.867,28,195,223,433,98,4,111,139,582,13.5,0.516,16,3.1,0.085,-1.9,0,8073,200,300,100,1,4,2,-5,2,3,5,3,-3
D'Angelo Russell,PG,42,1196,0.387,0.523,0.765,16,95,111,244,45,18,112,68,796,17.6,0.555,29.1,1.6,0.063,1.6,1.1,8073,200,300,100,1,4,2,-5,2,3,5,3,-3
Domantas Sabonis,PF,62,2231,0.321,0.564,0.732,150,592,742,415,76,33,213,203,1260,20.6,0.601,24.1,6.9,0.149,3.8,3.3,8302,200,225,70,2.5,2.5,2,-3.5,3.5,3.75,3.5,4.5,-3
Luka Šamanić,PF,33,308,0.279,0.505,0.552,16,52,68,15,8,8,20,43,122,9.8,0.518,19.5,0.1,0.015,-4.9,-0.2,7998,200,225,70,2.5,2.5,2,-3.5,3.5,3.75,3.5,4.5,-3
JaKarr Sampson,PF,29,316,0.2,0.509,0.655,27,50,77,4,2,14,15,52,134,10.9,0.533,19,0.3,0.044,-7.5,-0.4,8302,200,225,70,2.5,2.5,2,-3.5,3.5,3.75,3.5,4.5,-3
Dario Šarić,C,50,871,0.348,0.516,0.848,46,144,190,65,30,4,57,95,437,14.3,0.567,22.6,1.7,0.093,-2,0,8300,200,200,60,3,2,2,-3,4,4,3,5,-3
Tomáš Satoranský,SG,58,1307,0.356,0.578,0.848,30,112,142,271,40,14,96,89,447,13.8,0.614,15.2,3.1,0.113,-0.5,0.5,7969,200,275,90,1.5,3.5,2,-4.5,2.5,3.25,4.5,3.5,-3
Dennis Schröder,SG,61,1956,0.335,0.484,0.848,30,181,211,351,70,13,163,159,941,13.8,0.543,22.9,3.8,0.093,-1.2,0.4,7887,200,275,90,1.5,3.5,2,-4.5,2.5,3.25,4.5,3.5,-3
Mike Scott,PF,51,852,0.342,0.486,0.667,11,109,120,40,24,14,19,72,213,6.8,0.492,11.9,1,0.058,-2.8,-0.2,8182,200,225,70,2.5,2.5,2,-3.5,3.5,3.75,3.5,4.5,-3
Jay Scrubb,SG,4,84,0.222,0.417,1,2,12,14,1,4,0,7,5,35,6.3,0.458,23.8,-0.1,-0.072,-10.9,-0.2,8209,200,275,90,1.5,3.5,2,-4.5,2.5,3.25,4.5,3.5,-3
Collin Sexton,SG,60,2115,0.371,0.519,0.815,58,129,187,262,62,10,167,157,1460,18,0.573,29.7,3.5,0.08,-0.2,1,7476,200,275,90,1.5,3.5,2,-4.5,2.5,3.25,4.5,3.5,-3
Landry Shamet,SG,61,1403,0.387,0.549,0.846,11,101,112,99,31,10,48,93,567,10.3,0.578,16.7,1.8,0.063,-2.4,-0.2,8537,200,275,90,1.5,3.5,2,-4.5,2.5,3.25,4.5,3.5,-3
Iman Shumpert,SG,2,11,0,0.25,0,1,0,1,0,1,0,1,0,2,-0.4,0.25,19.8,0,-0.212,-12.6,0,8537,200,275,90,1.5,3.5,2,-4.5,2.5,3.25,4.5,3.5,-3
Pascal Siakam,PF,56,2006,0.297,0.493,0.827,95,310,405,250,64,37,130,174,1196,17.7,0.547,26.3,4.2,0.101,0.8,1.4,8011,200,225,70,2.5,2.5,2,-3.5,3.5,3.75,3.5,4.5,-3
Chris Silva,PF,15,92,1,0.656,0.733,7,20,27,6,1,6,10,24,32,11.5,0.708,15.9,0.2,0.101,-5.5,-0.1,7781,200,225,70,2.5,2.5,2,-3.5,3.5,3.75,3.5,4.5,-3
Ben Simmons,PG,58,1877,0.3,0.56,0.613,93,324,417,401,93,35,173,171,829,18.3,0.584,20.2,6,0.153,2.9,2.3,8182,200,300,100,1,4,2,-5,2,3,5,3,-3
Anfernee Simons,SG,64,1104,0.426,0.569,0.807,14,126,140,89,18,8,43,96,502,12.3,0.589,18.3,1.8,0.078,-1,0.3,8360,200,275,90,1.5,3.5,2,-4.5,2.5,3.25,4.5,3.5,-3
Deividas Sirvydis,SG,20,133,0.357,0.475,0.5,0,29,29,5,2,0,5,9,41,5.7,0.481,15.7,0,-0.01,-5.4,-0.1,7676,200,275,90,1.5,3.5,2,-4.5,2.5,3.25,4.5,3.5,-3
Alen Smailagić,PF,15,84,0.4,0.481,0.333,6,10,16,4,3,5,5,11,28,8.9,0.472,17.6,0,0.015,-5.3,-0.1,8187,200,225,70,2.5,2.5,2,-3.5,3.5,3.75,3.5,4.5,-3
Marcus Smart,PG,48,1581,0.33,0.489,0.79,36,131,167,273,72,23,96,126,627,13.8,0.539,18.4,3.3,0.1,-0.3,0.7,8109,200,300,100,1,4,2,-5,2,3,5,3,-3
Dennis Smith Jr.,PG,23,420,0.328,0.466,0.731,12,43,55,77,23,14,26,37,154,13.6,0.492,19,0.6,0.07,0.4,0.3,7676,200,300,100,1,4,2,-5,2,3,5,3,-3
Ish Smith,PG,44,924,0.367,0.465,0.576,22,128,150,172,32,13,41,62,295,11.6,0.473,15.8,1.1,0.056,-1.5,0.1,8398,200,300,100,1,4,2,-5,2,3,5,3,-3
Jalen Smith,PF,27,156,0.235,0.48,0.714,7,30,37,4,1,5,7,16,53,8.4,0.499,17.1,0.1,0.022,-6.1,-0.2,8300,200,225,70,2.5,2.5,2,-3.5,3.5,3.75,3.5,4.5,-3
Tony Snell,SG,47,992,0.569,0.696,1,18,94,112,59,13,11,21,75,249,9.5,0.708,8.6,2,0.099,-0.5,0.4,8186,200,275,90,1.5,3.5,2,-4.5,2.5,3.25,4.5,3.5,-3
Ray Spalding,C,2,19,0,0.5,0,2,2,4,0,0,2,3,3,4,0.8,0.41,17.6,-0.1,-0.184,-14.3,-0.1,7833,200,200,60,3,2,2,-3,4,4,3,5,-3
Cassius Stanley,SG,24,93,0.231,0.337,0.778,8,12,20,1,1,2,1,14,36,5.5,0.383,22,-0.1,-0.05,-11.2,-0.2,8302,200,275,90,1.5,3.5,2,-4.5,2.5,3.25,4.5,3.5,-3
Lamar Stevens,PF,40,499,0.16,0.471,0.725,24,72,96,25,17,13,23,53,165,10.5,0.521,15.8,0.4,0.043,-4.2,-0.3,7476,200,225,70,2.5,2.5,2,-3.5,3.5,3.75,3.5,4.5,-3
Isaiah Stewart,C,68,1455,0.333,0.578,0.696,159,294,453,59,39,86,67,184,537,16.4,0.597,15.5,4,0.132,-1.1,0.3,7676,200,200,60,3,2,2,-3,4,4,3,5,-3
Max Strus,SF,39,507,0.338,0.588,0.667,5,36,41,24,11,2,8,43,236,12.1,0.597,18.3,0.9,0.088,-2.2,0,7781,200,250,80,2,3,2,-4,3,3.5,4,4,-3
Edmond Sumner,SG,53,861,0.398,0.587,0.819,18,76,94,49,33,10,51,88,399,12.7,0.626,18.3,1.4,0.077,-2.8,-0.2,8302,200,275,90,1.5,3.5,2,-4.5,2.5,3.25,4.5,3.5,-3
Jae'Sean Tate,SF,70,2043,0.308,0.554,0.694,132,242,374,178,85,36,98,222,794,13.8,0.576,16.4,3.8,0.088,-1.4,0.3,7833,200,250,80,2,3,2,-4,3,3.5,4,4,-3
Jayson Tatum,SF,64,2290,0.386,0.53,0.868,50,422,472,276,75,31,171,122,1692,21.3,0.576,30.8,6.5,0.137,3.9,3.4,8109,200,250,80,2,3,2,-4,3,3.5,4,4,-3
Jeff Teague,PG,55,950,0.439,0.496,0.848,15,73,88,132,34,12,64,56,371,12.3,0.562,17.7,1.6,0.079,-2.2,-0.1,8109,200,300,100,1,4,2,-5,2,3,5,3,-3
Garrett Temple,SG,56,1528,0.335,0.503,0.8,29,131,160,124,43,30,58,126,423,8.2,0.525,13.1,1.6,0.05,-3.1,-0.4,7969,200,275,90,1.5,3.5,2,-4.5,2.5,3.25,4.5,3.5,-3
Tyrell Terry,PG,11,56,0,0.313,0.333,0,6,6,6,5,0,2,2,11,6,0.318,15.3,-0.1,-0.049,-5,0,8096,200,300,100,1,4,2,-5,2,3,5,3,-3
Daniel Theis,C,65,1601,0.322,0.593,0.673,93,263,356,108,41,57,66,167,627,15,0.609,15.6,4.3,0.128,0,0.8,8109,200,200,60,3,2,2,-3,4,4,3,5,-3
Brodric Thomas,SG,32,399,0.271,0.435,0.674,8,45,53,30,15,10,22,40,125,8,0.487,16.4,0.1,0.006,-4.4,-0.2,7476,200,275,90,1.5,3.5,2,-4.5,2.5,3.25,4.5,3.5,-3
Isaiah Thomas,PG,3,48,0.25,0.389,1,1,3,4,5,1,0,6,3,23,2.4,0.412,29.7,-0.2,-0.179,-13.1,-0.1,8251,200,300,100,1,4,2,-5,2,3,5,3,-3
Khyri Thomas,SG,5,153,0.333,0.553,1,7,11,18,25,9,6,6,8,82,21.3,0.586,21.1,0.5,0.164,2.4,0.2,7833,200,275,90,1.5,3.5,2,-4.5,2.5,3.25,4.5,3.5,-3
Matt Thomas,SG,45,326,0.338,0.5,0.857,7,37,44,19,4,0,14,18,139,9.1,0.522,19.5,0.2,0.031,-4.6,-0.2,8011,200,275,90,1.5,3.5,2,-4.5,2.5,3.25,4.5,3.5,-3
Tristan Thompson,PF,54,1287,0,0.518,0.592,169,270,439,67,24,33,62,119,409,14.2,0.54,14.8,2.9,0.107,-2.5,-0.2,8109,200,225,70,2.5,2.5,2,-3.5,3.5,3.75,3.5,4.5,-3
Sindarius Thornwell,SG,21,217,0.304,0.402,0.5,3,15,18,21,13,2,7,15,41,6.6,0.414,11.1,0,0.009,-4.7,-0.2,8251,200,275,90,1.5,3.5,2,-4.5,2.5,3.25,4.5,3.5,-3
Matisse Thybulle,SG,65,1298,0.301,0.508,0.444,30,94,124,63,105,71,32,127,255,10.1,0.508,9.4,2.8,0.102,1.9,1.3,8182,200,275,90,1.5,3.5,2,-4.5,2.5,3.25,4.5,3.5,-3
Killian Tillie,C,18,182,0.303,0.421,0.818,6,18,24,8,5,8,2,20,57,8.5,0.461,14.8,0.2,0.055,-3.7,-0.1,8157,200,200,60,3,2,2,-3,4,4,3,5,-3
Xavier Tillman Sr.,PF,59,1085,0.338,0.595,0.642,74,182,256,75,44,33,45,116,390,14.7,0.605,14.3,2.9,0.127,-0.2,0.5,8157,200,225,70,2.5,2.5,2,-3.5,3.5,3.75,3.5,4.5,-3
Anthony Tolliver,PF,11,99,0.286,0.353,0.833,3,7,10,2,3,2,3,7,17,4,0.433,9.8,0.1,0.025,-7,-0.1,8182,200,225,70,2.5,2.5,2,-3.5,3.5,3.75,3.5,4.5,-3
Obi Toppin,PF,62,683,0.306,0.56,0.731,26,112,138,29,17,15,23,55,253,12.7,0.574,15.9,1.5,0.109,-0.7,0.2,7706,200,225,70,2.5,2.5,2,-3.5,3.5,3.75,3.5,4.5,-3
Juan Toscano-Anderson,SG,53,1107,0.402,0.667,0.71,29,205,234,150,41,26,61,111,301,12.6,0.676,11,3,0.13,0.8,0.8,8187,200,275,90,1.5,3.5,2,-4.5,2.5,3.25,4.5,3.5,-3
Axel Toupane,SF,8,61,0.5,0.409,0.714,0,6,6,4,2,3,0,6,14,9,0.497,9.7,0.1,0.097,-3,0,8649,200,250,80,2,3,2,-4,3,3.5,4,4,-3
Karl-Anthony Towns,C,50,1689,0.387,0.555,0.859,133,396,529,225,39,57,160,186,1239,23.1,0.612,29.1,5.4,0.153,4.5,2.8,8073,200,200,60,3,2,2,-3,4,4,3,5,-3
Gary Trent Jr.,SG,58,1802,0.385,0.513,0.783,27,125,152,80,56,10,43,92,888,12.1,0.534,20.9,1.7,0.045,-2.3,-0.1,8360,200,275,90,1.5,3.5,2,-4.5,2.5,3.25,4.5,3.5,-3
P.J. Tucker,PF,52,1356,0.336,0.486,0.75,51,153,204,61,39,20,40,125,193,5.5,0.51,7.2,1,0.034,-4.1,-0.7,7833,200,225,70,2.5,2.5,2,-3.5,3.5,3.75,3.5,4.5,-3
Rayjon Tucker,PG,14,68,0.286,0.556,0.737,1,10,11,6,2,0,4,8,34,15.1,0.645,19.2,0.2,0.166,-3.4,0,8182,200,300,100,1,4,2,-5,2,3,5,3,-3
Myles Turner,C,47,1455,0.335,0.557,0.782,63,243,306,48,40,159,67,165,592,15.3,0.599,16.4,3.3,0.11,0.4,0.9,8302,200,200,60,3,2,2,-3,4,4,3,5,-3
Jonas Valančiūnas,C,62,1755,0.368,0.606,0.773,253,523,776,112,35,57,100,179,1058,24.4,0.636,22.4,7.8,0.213,3,2.2,8157,200,200,60,3,2,2,-3,4,4,3,5,-3
Denzel Valentine,SG,62,1036,0.331,0.469,0.941,24,173,197,105,30,7,42,70,406,10.1,0.479,19.5,0.7,0.032,-2.7,-0.2,7969,200,275,90,1.5,3.5,2,-4.5,2.5,3.25,4.5,3.5,-3
Jarred Vanderbilt,PF,64,1139,0.2,0.608,0.559,118,250,368,76,64,46,53,123,344,16.2,0.612,12.3,3.1,0.132,-0.1,0.5,8073,200,225,70,2.5,2.5,2,-3.5,3.5,3.75,3.5,4.5,-3
Fred VanVleet,SG,52,1899,0.366,0.489,0.885,32,188,220,328,87,37,95,119,1019,16.8,0.534,23.9,4.3,0.108,2.5,2.2,8011,200,275,90,1.5,3.5,2,-4.5,2.5,3.25,4.5,3.5,-3
Anderson Varejão,C,5,36,0,0.25,0.556,7,13,20,3,0,2,1,3,13,12.9,0.326,25.4,0,-0.029,-7.1,0,7476,200,200,60,3,2,2,-3,4,4,3,5,-3
Devin Vassell,SF,62,1056,0.347,0.492,0.843,24,150,174,56,43,18,22,88,341,10.6,0.524,14.3,1.5,0.069,-1.5,0.1,7998,200,250,80,2,3,2,-4,3,3.5,4,4,-3
Gabe Vincent,PG,50,655,0.309,0.476,0.87,10,46,56,67,21,2,34,79,242,7.6,0.498,19.1,0.2,0.011,-5.4,-0.6,7781,200,300,100,1,4,2,-5,2,3,5,3,-3
Noah Vonleh,PF,4,11,0,0,0,0,1,1,1,0,0,2,2,0,-19,0,19.8,-0.1,-0.488,-26.7,-0.1,8537,200,225,70,2.5,2.5,2,-3.5,3.5,3.75,3.5,4.5,-3
Nikola Vučević,C,70,2348,0.4,0.54,0.84,146,671,817,269,65,48,126,137,1639,22.9,0.56,29.3,6.3,0.129,5.3,4.4,7488,200,200,60,3,2,2,-3,4,4,3,5,-3
Dean Wade,PF,63,1212,0.366,0.556,0.769,38,177,215,74,35,21,30,78,376,11.3,0.573,12.9,2,0.08,-1.3,0.2,7476,200,225,70,2.5,2.5,2,-3.5,3.5,3.75,3.5,4.5,-3
Moritz Wagner,C,45,722,0.341,0.522,0.816,27,119,146,50,26,18,43,108,310,12.5,0.58,18.1,1.2,0.082,-2.6,-0.1,8398,200,200,60,3,2,2,-3,4,4,3,5,-3
Kemba Walker,PG,43,1369,0.36,0.514,0.899,16,154,170,212,48,12,88,61,829,17.7,0.559,26.1,3.3,0.115,2.1,1.4,8109,200,300,100,1,4,2,-5,2,3,5,3,-3
Lonnie Walker IV,SG,60,1522,0.355,0.502,0.814,14,141,155,101,29,15,65,101,669,9.8,0.523,20.1,0.4,0.012,-3.7,-0.7,7998,200,275,90,1.5,3.5,2,-4.5,2.5,3.25,4.5,3.5,-3
John Wall,PG,40,1288,0.317,0.458,0.749,17,112,129,275,42,31,141,46,823,15.4,0.503,31.7,-0.2,-0.007,-0.7,0.4,7833,200,300,100,1,4,2,-5,2,3,5,3,-3
Brad Wanamaker,PG,61,1053,0.188,0.411,0.891,18,87,105,174,43,11,71,94,336,9.5,0.489,16.9,0.9,0.039,-4,-0.5,8187,200,300,100,1,4,2,-5,2,3,5,3,-3
T.J. Warren,SF,4,117,0,0.529,0.8,2,12,14,5,2,0,4,16,62,11.6,0.56,21.6,0.1,0.045,-5.5,-0.1,8302,200,250,80,2,3,2,-4,3,3.5,4,4,-3
P.J. Washington,PF,64,1954,0.386,0.522,0.745,93,325,418,161,69,79,128,171,824,13.4,0.549,19.4,2.7,0.066,-0.9,0.6,7881,200,225,70,2.5,2.5,2,-3.5,3.5,3.75,3.5,4.5,-3
Yuta Watanabe,SF,50,723,0.4,0.539,0.828,36,123,159,40,26,19,19,57,218,12.2,0.565,12.7,1.5,0.102,-0.7,0.2,8011,200,250,80,2,3,2,-4,3,3.5,4,4,-3
Tremont Waters,PG,26,238,0.395,0.494,0.941,5,16,21,62,15,1,27,17,99,14.6,0.541,21.4,0.4,0.08,0.3,0.1,8109,200,300,100,1,4,2,-5,2,3,5,3,-3
Paul Watson,SF,27,297,0.469,0.646,0.625,4,41,45,17,6,3,9,36,111,10.9,0.649,13.7,0.6,0.096,-1.3,0.1,8011,200,250,80,2,3,2,-4,3,3.5,4,4,-3
Quinndary Weatherspoon,SG,20,121,0.167,0.471,0.813,3,8,11,8,8,2,10,18,46,9.6,0.547,18.7,0.1,0.023,-5,-0.1,7998,200,275,90,1.5,3.5,2,-4.5,2.5,3.25,4.5,3.5,-3
Russell Westbrook,PG,65,2369,0.315,0.474,0.656,109,641,750,763,89,23,312,190,1445,19.5,0.509,30.2,3.7,0.075,3.7,3.4,8398,200,300,100,1,4,2,-5,2,3,5,3,-3
Coby White,PG,69,2156,0.359,0.506,0.901,28,256,284,328,38,15,156,179,1041,12,0.54,22.5,2.4,0.052,-2.4,-0.2,7969,200,300,100,1,4,2,-5,2,3,5,3,-3
Derrick White,SG,36,1064,0.346,0.503,0.851,13,94,107,127,26,36,45,91,553,15,0.55,22.4,1.9,0.085,1.3,0.9,7998,200,275,90,1.5,3.5,2,-4.5,2.5,3.25,4.5,3.5,-3
Hassan Whiteside,C,36,546,0,0.563,0.519,61,154,215,20,9,46,40,73,293,19.2,0.566,23.5,0.9,0.081,-2.2,0,8189,200,200,60,3,2,2,-3,4,4,3,5,-3
Greg Whittington,PF,4,12,0,0,0,0,0,0,0,0,0,0,0,0,-10.2,0,10.9,-0.1,-0.259,-17.2,0,8284,200,225,70,2.5,2.5,2,-3.5,3.5,3.75,3.5,4.5,-3
Andrew Wiggins,PF,71,2364,0.38,0.543,0.714,82,265,347,167,67,70,126,159,1320,15,0.568,23.3,3.9,0.08,-0.4,1,8187,200,225,70,2.5,2.5,2,-3.5,3.5,3.75,3.5,4.5,-3
Grant Williams,PF,63,1138,0.372,0.534,0.588,48,130,178,64,32,24,56,161,294,7.5,0.546,12.3,1.1,0.046,-3.7,-0.5,8109,200,225,70,2.5,2.5,2,-3.5,3.5,3.75,3.5,4.5,-3
Kenrich Williams,PF,66,1426,0.444,0.596,0.571,84,189,273,152,55,17,76,143,526,14,0.599,15.3,2.8,0.096,-0.7,0.4,7560,200,225,70,2.5,2.5,2,-3.5,3.5,3.75,3.5,4.5,-3
Lou Williams,PG,66,1423,0.399,0.464,0.867,21,117,138,225,47,6,108,62,749,14,0.519,25.7,1.7,0.056,-2.5,-0.2,8209,200,300,100,1,4,2,-5,2,3,5,3,-3
Patrick Williams,PF,71,1983,0.391,0.534,0.728,66,261,327,99,64,46,98,126,655,10.5,0.562,14.9,2.5,0.06,-2.4,-0.2,7969,200,225,70,2.5,2.5,2,-3.5,3.5,3.75,3.5,4.5,-3
Robert Williams,C,52,985,0,0.721,0.616,133,225,358,94,43,91,52,105,417,25.7,0.719,15,5.3,0.258,6,2,8109,200,200,60,3,2,2,-3,4,4,3,5,-3
Zion Williamson,PF,61,2026,0.294,0.616,0.698,167,274,441,226,57,39,167,135,1647,27.1,0.649,29.8,8.7,0.205,5.8,4,8251,200,225,70,2.5,2.5,2,-3.5,3.5,3.75,3.5,4.5,-3
D.J. Wilson,PF,35,433,0.345,0.494,0.68,20,92,112,23,11,16,22,44,183,11.5,0.511,19.7,0.3,0.032,-3.3,-0.1,7833,200,225,70,2.5,2.5,2,-3.5,3.5,3.75,3.5,4.5,-3
Dylan Windler,SF,31,513,0.338,0.538,0.778,20,87,107,33,19,12,32,37,161,10.8,0.567,14.8,0.5,0.045,-1.7,0,7476,200,250,80,2,3,2,-4,3,3.5,4,4,-3
Justise Winslow,SF,26,507,0.185,0.376,0.571,18,100,118,50,15,12,37,47,178,6.2,0.395,21.9,-0.7,-0.066,-6,-0.5,8157,200,250,80,2,3,2,-4,3,3.5,4,4,-3
Cassius Winston,PG,22,98,0.471,0.545,0.833,0,9,9,12,2,1,5,8,41,10.8,0.575,17.2,0.1,0.066,-3.2,0,8398,200,300,100,1,4,2,-5,2,3,5,3,-3
James Wiseman,C,39,836,0.316,0.535,0.628,55,171,226,26,11,36,60,121,448,13.1,0.552,23.8,0.7,0.042,-5,-0.6,8187,200,200,60,3,2,2,-3,4,4,3,5,-3
Christian Wood,C,41,1326,0.374,0.574,0.631,76,319,395,71,34,48,80,88,860,20,0.591,25.9,2.8,0.1,1.4,1.1,7833,200,200,60,3,2,2,-3,4,4,3,5,-3
Robert Woodard II,SF,13,45,0.167,0.425,0.375,4,12,16,2,0,3,1,4,20,12.5,0.425,23.4,0,-0.011,-5.3,0,8189,200,250,80,2,3,2,-4,3,3.5,4,4,-3
Delon Wright,SG,63,1748,0.372,0.525,0.802,65,204,269,278,101,30,83,75,645,16.3,0.562,16.3,4.3,0.117,2.2,1.8,7676,200,275,90,1.5,3.5,2,-4.5,2.5,3.25,4.5,3.5,-3
Thaddeus Young,PF,68,1652,0.267,0.568,0.628,168,255,423,291,74,40,137,152,823,20.3,0.578,22.3,5.1,0.147,3.3,2.2,7969,200,225,70,2.5,2.5,2,-3.5,3.5,3.75,3.5,4.5,-3
Trae Young,PG,63,2125,0.343,0.499,0.886,38,207,245,594,53,12,261,111,1594,23,0.589,33,7.2,0.163,3.7,3,8186,200,300,100,1,4,2,-5,2,3,5,3,-3
Cody Zeller,C,48,1005,0.143,0.565,0.714,119,209,328,86,27,17,51,121,451,18.2,0.599,18.3,3.3,0.156,-0.5,0.4,7881,200,200,60,3,2,2,-3,4,4,3,5,-3
Ivica Zubac,C,72,1609,0.25,0.654,0.789,189,330,519,90,24,62,81,187,650,19.1,0.693,15.1,6.9,0.206,1,1.2,8209,200,200,60,3,2,2,-3,4,4,3,5,-3